公司名称,公司链接,上班地址,行政区,发布时间,学历,月薪,经验,招聘人数,城市,职业名,公司类型,公司总人数
美团点评,http://special.zhaopin.com/2017/bj/bjsk032382,自强路118号中交财富中心2号楼,桥西区,2019-04-29 10:45:44,本科,面议,1-3年,3,石家庄,数据分析专员,"互联网/电子商务,快速消费品（食品/饮料/烟酒/日化）,零售/批发,计算机软件",10000人以上
石家庄氐宿企业管理咨询有限公司,http://special.zhaopin.com/pagepublish/62759702/index.html,胜利北街3号嘉艺大厦12层,,2019-04-29 10:50:58,本科,4千-6千,1-3年,1,石家庄,数据分析专员,"银行,专业服务/咨询(财会/法律/人力资源等),外包服务",100-499人
花生好车,http://special.zhaopin.com/pagepublish/29356733/index.html,华宸怡园底商花生好车,长安区,2019-04-29 13:28:10,本科,7千-9千,3-5年,1,石家庄,战区数据分析,"租赁服务,专业服务/咨询(财会/法律/人力资源等)",1000-9999人
石家庄波司登贸易有限公司,http://company.zhaopin.com/CZ179791320.htm,石家庄市裕华区槐安东路105号怀特商业广场写字楼A座17楼,,2019-04-29 12:14:07,大专,4千-6千,1-3年,1,石家庄,商品数据分析员,"耐用消费品（服饰/纺织/皮革/家具/家电）,零售/批发",20-99人
河北天域信息技术有限公司,http://company.zhaopin.com/CZ320474680.htm,石家庄市桥东区中山路39号勒泰中心（B座）写字楼37/38/39层,,2019-04-29 13:14:21,本科,5千-8千,不限,3,石家庄,数据分析师,"互联网/电子商务,计算机软件,IT服务(系统/数据/维护),其他",500-999人
美团点评,http://special.zhaopin.com/2017/bj/bjsk032382,石家庄桥西区金石大厦,,2019-04-22 18:03:49,本科,面议,1-3年,1,石家庄,数据分析员,"互联网/电子商务,快速消费品（食品/饮料/烟酒/日化）,零售/批发,计算机软件",10000人以上
百度河北地区营销服务中心,http://special.zhaopin.com/sjz/2012/pg030971/index.htm,石家庄市桥东区中山路39号勒泰中心（B座）写字楼36/37/38/39层,,2019-04-26 15:26:47,本科,5千-8千,不限,2,石家庄,数据分析专员,"互联网/电子商务,IT服务(系统/数据/维护)",1000-9999人
石家庄北国人百集团有限责任公司,http://special.zhaopin.com/pagepublish/19151751/index.html,石家庄市中山东路188号,,2019-04-28 00:50:15,本科,4千-6千,不限,5,石家庄,品牌数据统计与分析岗,零售/批发,10000人以上
河北御芝林生物科技有限公司,http://special.zhaopin.com/pagepublish/22183641/index.html,石家庄昆仑大街与海河道交叉口，沿海河道向东行100米路南,东开发区,2019-04-24 09:13:58,本科,6千-8千,3-5年,1,石家庄,数据分析师,"医药/生物工程,零售/批发",1000-9999人
宸宇建设集团有限公司河北分公司,http://company.zhaopin.com/CZ627656430.htm,平安公园,,2019-04-25 08:42:54,本科,4千-6千,不限,1,石家庄,环境工程（大气数据分析）,"房地产/建筑/建材/工程,能源|矿产|环保",500-999人
石家庄君乐宝乳业有限公司,http://special.zhaopin.com/2016/sjz/sjzj030139,石家庄市鹿泉区碧水街2号,,2019-04-29 08:32:07,大专,2千-4千,1-3年,1,石家庄,数据分析专员,"快速消费品（食品/饮料/烟酒/日化）,快速消费品（食品/饮料/烟酒/日化）",1000-9999人
北京华信智原教育技术有限公司河北分公司,http://company.zhaopin.com/CZ284641380.htm,石家庄桥西区红旗大街与汇丰路交口西美花街大厦17层,,2019-04-28 11:16:39,本科,6千-8千,1年以下,3,石家庄,大数据分析师助理周末双休,"计算机软件,互联网/电子商务",20-99人
北京华信智原教育技术有限公司河北分公司,http://company.zhaopin.com/CZ284641380.htm,石家庄桥西区红旗大街与汇丰路交口西美花街大厦17层,,2019-04-29 11:18:41,大专,6千-8千,1-3年,5,石家庄,大数据分析师助理/实习双休,"计算机软件,互联网/电子商务",20-99人
新天绿色能源股份有限公司,http://company.zhaopin.com/CZ376197610.htm,石家庄,,2019-04-25 14:52:05,硕士,面议,不限,1,石家庄,数据分析岗,"电气/电力/水利,能源/矿产/采掘/冶炼",1000-9999人
北京天融信科技有限公司,http://company.zhaopin.com/P7/CC0003/2756/CC000327562.htm,新华区中华北大街中储广场A座1601室,,2019-04-28 13:54:51,不限,8千-1万,不限,2,石家庄,数据分析师(J10488),"计算机硬件,IT服务(系统/数据/维护),通信/电信/网络设备",1000-9999人
宸宇建设集团有限公司河北分公司,http://company.zhaopin.com/CZ627656430.htm,平安公园,,2019-04-25 08:42:56,硕士,1万-1.5万,1-3年,1,石家庄,大气高级数据分析师,"房地产/建筑/建材/工程,能源|矿产|环保",500-999人
河北先河环保科技股份有限公司,http://special.zhaopin.com/2018/sh/hbxh011599w/,湘江道251号,,2019-04-28 22:32:45,硕士,5千-8千,不限,15,石家庄,现场数据分析工程师（全国出差）,"仪器仪表及工业自动化,环保,电子技术/半导体/集成电路",500-999人
河北先河环保科技股份有限公司,http://special.zhaopin.com/2018/sh/hbxh011599w/,高新区湘江道251号 + 栾城环保局 + 藁城环保局,东开发区,2019-04-28 22:31:53,硕士,4.5千-7千,1-3年,7,石家庄,数据分析工程师,"仪器仪表及工业自动化,环保,电子技术/半导体/集成电路",500-999人
河北中废通网络技术有限公司,http://special.zhaopin.com/pagepublish/64831122/index.html,石家庄市中山路11号乐汇城C座8层,,2019-04-27 14:53:55,大专,6千-8千,3-5年,1,石家庄,数据分析师,"互联网/电子商务,其他,IT服务(系统/数据/维护)",100-499人
河北尚学苑文化传媒有限公司,http://company.zhaopin.com/CZ308744080.htm,石家庄市槐安西路与上庄大街交口南行300米路东,,2019-04-28 09:49:41,本科,4千-8千,1-3年,3,石家庄,大数据分析/数据分析,"教育/培训/院校,互联网/电子商务,媒体/出版/影视/文化传播,印刷/包装/造纸",100-499人
河北先河环保科技股份有限公司,http://special.zhaopin.com/2018/sh/hbxh011599w/,河北省石家庄市开发区湘江道251号,,2019-04-22 09:43:31,硕士,6千-8千,不限,5,石家庄,现场数据分析工程师(全国出差),"仪器仪表及工业自动化,环保,电子技术/半导体/集成电路",500-999人
美林数据技术股份有限公司,http://company.zhaopin.com/CZ200911980.htm,石家庄,,2019-04-24 16:35:34,本科,8千-1.6万,1-3年,1,石家庄,数据分析师（电网/能源）,"计算机软件,IT服务(系统/数据/维护)",100-499人
宸宇建设集团有限公司河北分公司,http://company.zhaopin.com/CZ627656430.htm,平安公园,,2019-04-25 08:42:58,本科,6千-8千,不限,1,石家庄,数据校准及分析工程师,"房地产/建筑/建材/工程,能源|矿产|环保",500-999人
河北沁芳康健软件科技有限公司,http://company.zhaopin.com/CC380113183.htm,中华北大街与市庄路交叉口东南角，河北沁芳康健管理机构三楼（蓝色牌子）,,2019-04-22 09:14:00,大专,4千-6千,1-3年,1,石家庄,数据分析专员  双休,"计算机软件,通信/电信运营、增值服务,互联网/电子商务,IT服务(系统/数据/维护)",100-499人
石家庄天远科技集团有限公司,http://special.zhaopin.com/pagepublish/52010362/index.html,石家庄东开发区黄河大道225号,,2019-04-28 09:40:38,本科,6千-8千,1-3年,1,石家庄,大数据分析工程师,"计算机软件,互联网/电子商务,大型设备/机电设备/重工业,IT服务(系统/数据/维护)",500-999人
福州饰紫电子科技有限公司,http://company.zhaopin.com/CZ827520340.htm,长期出差,,2019-04-27 20:53:00,不限,6千-1万,不限,10,石家庄,数据分析6000＋包食宿,,全部
博宇科技股份有限公司,http://special.zhaopin.com/pagepublish/31295688/index.html,石家庄市高新区兴安大街222号方亿科技工业园B区7号楼4层,东开发区,2019-04-28 10:51:31,本科,4千-6千,1-3年,1,石家庄,数据分析师,"计算机软件,计算机硬件,互联网/电子商务,IT服务(系统/数据/维护)",100-499人
石家庄品智科技有限公司,http://special.zhaopin.com/pagepublish/42045401/index.html,石家庄长安区广安大街美东国际C座1306,,2019-04-22 21:34:26,本科,5千-1万,3-5年,1,石家庄,数据分析师,"计算机软件,IT服务(系统/数据/维护)",20-99人
河北持正环境科技有限公司,http://company.zhaopin.com/CC301575130.htm,长安区丰收路,,2019-04-26 08:42:44,本科,4千-6千,1-3年,5,石家庄,大气污染数据分析师,检验/检测/认证,20-99人
北京薪享宏福教育咨询有限公司,http://company.zhaopin.com/CZ819930900.htm,北京市昌平区北七家镇温度水城火炬广场北街1号西侧4层,,2019-04-29 10:04:21,大专,6千-8千,1-3年,1,石家庄,数据分析专员,教育/培训/院校,100-499人
石家庄开发区博欣医药科技开发有限公司,http://company.zhaopin.com/CZ176946920.htm,石家庄市东开发区宏昌科技园,,2019-04-25 09:54:03,大专,4千-6千,1-3年,1,石家庄,销售数据分析主管,"医药/生物工程,医疗/护理/美容/保健/卫生服务",100-499人
石家庄氐宿企业管理咨询有限公司,http://special.zhaopin.com/pagepublish/62759702/index.html,石家庄市长安区胜利北街3号嘉艺大厦12层,,2019-04-29 08:44:19,大专,6千-8千,3-5年,1,石家庄,数据分析主管（经理）,"银行,专业服务/咨询(财会/法律/人力资源等),外包服务",100-499人
河北鸿海环保科技有限公司,http://company.zhaopin.com/CC669526226.htm,黄河大道136号科技中心,东开发区,2019-04-28 09:47:18,硕士,5千-7千,不限,5,石家庄,环境数据分析工程师,"环保,检验/检测/认证,贸易/进出口,计算机软件",20-99人
河北恩华网络科技有限公司,http://company.zhaopin.com/CZ274001480.htm,谈固北大街与跃进路交口钱布袋商务楼,长安区,2019-04-29 08:41:29,大专,4千-6千,1-3年,1,石家庄,数据分析师,"互联网/电子商务,IT服务(系统/数据/维护),计算机软件",20-99人
石家庄壹切信息咨询有限公司,http://company.zhaopin.com/CZ186653920.htm,河北省石家庄市桥西区维明南大街266号恒大华府商务楼4-1-808,,2019-04-29 13:42:03,不限,4千-6千,不限,10,石家庄,数据分析员,"专业服务/咨询(财会/法律/人力资源等),广告/会展/公关,学术/科研,IT服务(系统/数据/维护)",20-99人
石家庄喜高科技有限责任公司,http://company.zhaopin.com/CZ463106280.htm,河北省石家庄市长安区体育北大街56号美丽华大酒店2801,,2019-04-26 14:22:08,本科,3千-5千,不限,1,石家庄,数据分析,"互联网/电子商务,医疗/护理/美容/保健/卫生服务,计算机软件",20-99人
河北鲜有道食品有限公司,http://company.zhaopin.com/CC312970386.htm,红旗大街与新石南路交叉口东行300米路南一克商务7楼,桥西区,2019-04-27 17:02:49,大专,4千-6千,1-3年,1,石家庄,数据分析,"互联网/电子商务,快速消费品（食品/饮料/烟酒/日化）,基金/证券/期货/投资",20-99人
石家庄智佳信息咨询有限公司,http://company.zhaopin.com/CZ432188310.htm,中山西路700悦享天地,,2019-04-23 09:37:53,本科,4千-6千,3-5年,2,石家庄,数据分析师,"互联网/电子商务,专业服务/咨询(财会/法律/人力资源等),基金/证券/期货/投资,贸易/进出口",20人以下
石家庄博瑞迪生物技术有限公司,http://company.zhaopin.com/CZ892986410.htm,黄河大道136号科技中心1号楼608室,东开发区,2019-04-25 09:55:03,本科,6千-1万,1-3年,1,石家庄,生信数据分析工程师,医药/生物工程,20-99人
河北腾软信息技术有限公司,http://company.zhaopin.com/CZ176740320.htm,长安区建设北大街瀚科大厦18F,长安区,2019-04-27 21:23:53,本科,6千-8千,3-5年,1,石家庄,数据分析师,"计算机软件,IT服务(系统/数据/维护),教育/培训/院校,互联网/电子商务",20-99人
石家庄名桥商贸有限公司,http://company.zhaopin.com/CZ403261180.htm,长安区中山东路乐汇城写字楼A座703B,长安区,2019-04-25 16:57:11,本科,6千-8千,3-5年,1,石家庄,数据分析师,"耐用消费品（服饰/纺织/皮革/家具/家电）,零售/批发",500-999人
石家庄涂宝联商贸有限公司,http://company.zhaopin.com/CZ523289120.htm,新华区民族北路与华强路交口东行50米 金指数国际商务广场B座13楼  宝联集团,,2019-04-25 09:37:22,大专,2千-4千,不限,1,石家庄,数据分析员,"耐用消费品（服饰/纺织/皮革/家具/家电）,酒店/餐饮",1000-9999人
北京数慧时空信息技术有限公司,http://company.zhaopin.com/CZ120473250.htm,石家庄市桥西区城角街与新石中路交叉口物联网大厦,,2019-04-25 10:08:17,本科,6千-1万,1-3年,1,石家庄,数据分析工程师,"计算机软件,其他,IT服务(系统/数据/维护)",100-499人
河北鸿联九五信息产业有限公司,http://company.zhaopin.com/CZ214743410.htm,广安大街与谈北路交叉口永辉超市北邻财富大厦2楼,长安区,2019-04-28 08:59:28,本科,6千-8千,1-3年,2,石家庄,数据分析,"IT服务(系统/数据/维护),互联网/电子商务,通信/电信运营、增值服务,基金/证券/期货/投资",10000人以上
杜沙迪实业有限公司,http://company.zhaopin.com/CZ446777680.htm,长安区胜利大街与向阳路交口昆仑盛阳门A座26楼,,2019-04-27 10:34:01,大专,3千-5千,不限,2,石家庄,商品数据分析专员,耐用消费品（服饰/纺织/皮革/家具/家电）,100-499人
河北恩华网络科技有限公司,http://company.zhaopin.com/CZ274001480.htm,维多利亚丽景园,裕华区,2019-04-29 08:41:29,大专,4千-6千,1-3年,1,石家庄,数据分析师,"互联网/电子商务,IT服务(系统/数据/维护),计算机软件",20-99人
云腾九州科技(北京)有限公司,http://company.zhaopin.com/%E4%BA%91%E8%85%BE%E4%B9%9D%E5%B7%9E%E7%A7%91%E6%8A%80%28%E5%8C%97%E4%BA%AC%29%E6%9C%89%E9%99%90%E5%85%AC%E5%8F%B8_CC377132725.htm,青园街,长安区,2019-04-23 13:05:00,本科,6千-1万,不限,1,石家庄,数据分析师,"计算机软件,通信/电信运营、增值服务,互联网/电子商务,通信/电信/网络设备",20-99人
石家庄涂宝联商贸有限公司,http://company.zhaopin.com/CZ523289120.htm,石家庄市南三条大经街与向阳路交口昆仑盛阳门B座1902,,2019-04-25 09:37:22,大专,2千-4千,不限,1,石家庄,数据分析师,"耐用消费品（服饰/纺织/皮革/家具/家电）,酒店/餐饮",1000-9999人
河北弘梦企业管理咨询有限公司,http://company.zhaopin.com/CZ377285430.htm,中山路与建设北大街交口燕华大厦18楼,长安区,2019-04-29 11:14:52,大专,4千-6千,1-3年,1,石家庄,数据分析师,"教育/培训/院校,房地产/建筑/建材/工程,互联网/电子商务,专业服务/咨询(财会/法律/人力资源等)",100-499人
北京蓝色曙光信息技术有限公司,http://special.zhaopin.com/pagepublish/64288872/index.html,石家庄,,2019-04-29 09:51:57,大专,5.5千-1.1万,不限,10,石家庄,Java大数据实习工程师,"IT服务(系统/数据/维护),计算机软件,计算机硬件,互联网/电子商务",100-499人
河北车车宝贝汽车信息服务有限公司,http://special.zhaopin.com/pagepublish/33433563/index.html,石家庄市桥西区西二环与槐安路交口南行200米路西冀运集团院内车车宝贝集团,,2019-04-29 10:42:03,大专,5千-8千,3-5年,1,石家庄,数据统计主管（双休+五险）,"互联网/电子商务,保险,专业服务/咨询(财会/法律/人力资源等)",500-999人
北京资采信息技术有限公司,http://company.zhaopin.com/CC327037487.htm,长江大道与太行大街交口中国电信股份有限公司石家庄分公司,裕华区,2019-04-29 13:15:02,本科,5千-9千,1-3年,1,石家庄,BI分析师【河北项目】,"IT服务(系统/数据/维护),通信/电信运营、增值服务,互联网/电子商务,广告/会展/公关",20-99人
河北天域信息技术有限公司,http://company.zhaopin.com/CZ320474680.htm,石家庄市桥东区中山路39号勒泰中心（B座）写字楼37/38/39层,,2019-04-29 13:22:29,本科,6千-1万,不限,3,石家庄,业务分析（五险一金双休 大平台）,"互联网/电子商务,计算机软件,IT服务(系统/数据/维护),其他",500-999人
美团点评,http://special.zhaopin.com/2017/bj/bjsk032382,石家庄市桥西区新石中路375号金石大厦B座2层,,2019-04-24 09:30:32,本科,面议,1-3年,3,石家庄,服务体验部-绩效分析专员,"互联网/电子商务,快速消费品（食品/饮料/烟酒/日化）,零售/批发,计算机软件",10000人以上
河北嘉良生物技术有限公司,http://company.zhaopin.com/CZ475194180.htm,地区,桥西区,2019-04-29 13:09:44,大专,4千-8千,3-5年,1,石家庄,市场部经理,医药/生物工程,100-499人
河北元能天然气销售有限公司,http://company.zhaopin.com/CZ631021120.htm,高新区长江大道310号  长江壹号C座1105,,2019-04-29 13:20:44,大专,3千-6千,3-5年,5,石家庄,总账会计,石油/石化/化工,20-99人
北京掌众金融信息服务有限公司,http://company.zhaopin.com/CC314038481.htm,建设北大街44号瀚科大厦1512,长安区,2019-04-28 15:23:54,大专,8千-1万,3-5年,2,石家庄,数据开发工程师-石家庄,"互联网/电子商务,计算机软件",500-999人
安阳中智药业有限责任公司,http://company.zhaopin.com/P9/CC1319/3198/CC131931987.htm,银河广场,东开发区,2019-04-29 13:22:10,大专,1万-1.5万,3-5年,5,石家庄,诚聘医药销售经理,医药/生物工程,100-499人
安阳中智药业有限责任公司,http://company.zhaopin.com/P9/CC1319/3198/CC131931987.htm,银河广场,东开发区,2019-04-29 13:09:07,大专,8千-1万,3-5年,5,石家庄,诚聘销售经理,医药/生物工程,100-499人
百度河北地区营销服务中心,http://special.zhaopin.com/sjz/2012/pg030971/index.htm,石家庄勒泰中心B座写字楼,,2019-04-26 15:27:35,本科,6千-1万,3-5年,2,石家庄,行业分析,"互联网/电子商务,IT服务(系统/数据/维护)",1000-9999人
用友网络科技股份有限公司河北分公司,http://special.zhaopin.com/2016/sjz/11217/yywl061492,中山东路39号勒泰中心写字楼A座2712室,长安区,2019-04-29 13:12:02,大专,8千-1万,3-5年,1,石家庄,云业务售前顾问,计算机软件,1000-9999人
河北安信云慧信息科技有限公司,http://company.zhaopin.com/CZ841197110.htm,桥西区红旗大街88号翰林观天下/各县（区）,,2019-04-29 15:22:29,大专,4千-6千,1-3年,4,石家庄,环保技术支持工程师,通信/电信/网络设备,20-99人
安阳中智药业有限责任公司,http://company.zhaopin.com/P9/CC1319/3198/CC131931987.htm,银河广场,东开发区,2019-04-29 13:05:55,大专,6千-8千,3-5年,5,石家庄,医药市场督导经理,医药/生物工程,100-499人
石家庄大尊网络科技有限公司,http://special.zhaopin.com/2018/sjz/11104/sjzd092046/,梧桐商务楼16楼,,2019-04-29 15:06:51,大专,4千-6千,不限,5,石家庄,淘宝京东天猫运营推广，运营助理（双休）,"互联网/电子商务,IT服务(系统/数据/维护)",100-499人
同福集团股份有限公司,http://special.zhaopin.com/Flying/Society/20190220/26574961_17131201_ZL21287/zpzw.html,万达广场,桥东区,2019-04-27 00:35:14,大专,1.5万-2万,5-10年,1,石家庄,数据部经理,"快速消费品（食品/饮料/烟酒/日化）,农/林/牧/渔",1000-9999人
河北天域信息技术有限公司,http://company.zhaopin.com/CZ320474680.htm,石家庄市桥东区中山东路勒泰中心B座37/38/39层,,2019-04-29 09:04:49,大专,8千-1万,不限,5,石家庄,百度客户挽回顾问,"互联网/电子商务,计算机软件,IT服务(系统/数据/维护),其他",500-999人
同福集团股份有限公司,http://special.zhaopin.com/Flying/Society/20190220/26574961_17131201_ZL21287/zpzw.html,万达A座6层,裕华区,2019-04-27 00:28:20,大专,6千-1万,5-10年,1,石家庄,数据部经理,"快速消费品（食品/饮料/烟酒/日化）,农/林/牧/渔",1000-9999人
石家庄云程网络技术服务有限公司,http://company.zhaopin.com/CZ630038720.htm,槐安路与友谊大街交口西南角振头大厦5楼,桥西区,2019-04-29 15:06:54,大专,3千-5千,1-3年,3,石家庄,运营专员,"互联网/电子商务,互联网/电子商务",20-99人
河北鲜厨科技有限公司,http://company.zhaopin.com/CZ375003430.htm,河北省石家庄市新华区康乐街尚德国际1905,新华区,2019-04-29 09:15:55,中专,6千-1.2万,1-3年,20,石家庄,底薪4000+高提成+五险一金，招聘业务代表,"互联网/电子商务,快速消费品（食品/饮料/烟酒/日化）,互联网/电子商务",100-499人
石家庄云程网络技术服务有限公司,http://company.zhaopin.com/CZ630038720.htm,石家庄桥西区友谊大街与槐安路交口振头大厦5层,桥西区,2019-04-29 15:02:07,大专,3千-6千,1-3年,2,石家庄,阿里巴巴国际站运营,"互联网/电子商务,互联网/电子商务",20-99人
盖亚博泰商贸有限公司,http://company.zhaopin.com/CZ303361830.htm,鹿泉区寺家庄镇,鹿泉区,2019-04-29 14:45:13,大专,1万-1.5万,5-10年,1,石家庄,酒精工程师,"房地产/建筑/建材/工程,家居/室内设计/装饰装潢",20-99人
深圳市视通智能科技有限公司,http://company.zhaopin.com/CZ496499630.htm,石家庄市经济技术开发区长江道壹号A座1507,,2019-04-29 13:10:01,大专,1万-1.5万,1-3年,5,石家庄,渠道销售经理,"电子技术/半导体/集成电路,教育/培训/院校",20-99人
云袭网络技术河北有限公司,http://company.zhaopin.com/CZ652050820.htm,裕华区怀特商业广场A座19楼（云袭）,,2019-04-29 14:19:05,本科,6千-8千,3-5年,1,石家庄,电商运营,互联网/电子商务,100-499人
石家庄龙梦电子商务有限公司,http://company.zhaopin.com/CZ407312210.htm,育才街与槐中路交叉口 宾南花园,,2019-04-29 14:15:47,不限,6千-8千,不限,3,石家庄,淘宝运营（可以无经验，有运营带）,"互联网/电子商务,互联网/电子商务,零售/批发",20-99人
河北觉尔信息咨询有限公司,http://company.zhaopin.com/CZ664763330.htm,裕华区万达广场,,2019-04-29 13:02:19,不限,8千-1万,1-3年,1,石家庄,电商运营,互联网/电子商务,20-99人
石家庄达内童程科技有限公司,http://company.zhaopin.com/CZ603360530.htm,绿地中山公馆A座8层,桥西区,2019-04-27 17:42:58,本科,4千-6千,不限,1,石家庄,教务督导（数据） 双休,教育/培训/院校,10000人以上
北京鸿联九五信息产业有限公司,http://company.zhaopin.com/CZ120835170.htm,石家庄市自强路与南小街交口开滦大饭店A座四楼,桥西区,2019-04-29 00:50:17,大专,3千-4千,1年以下,1,石家庄,行政人事助理（桥西区）(J10266),"通信/电信运营、增值服务,其他,通信/电信/网络设备",10000人以上
石家庄童程童美培训学校有限公司,http://company.zhaopin.com/CZ818838730.htm,中山公馆A座8层,,2019-04-29 09:18:55,大专,4千-6千,1-3年,1,石家庄,教务督导（数据） 双休,教育/培训/院校,10000人以上
石家庄美高文化传播有限公司,http://company.zhaopin.com/CZ503162520.htm,中华北大街中储广场B座610室,,2019-04-29 09:12:18,大专,4千-6千,1-3年,1,石家庄,电商运营,互联网/电子商务,20人以下
石家庄市恒茂昌贸易有限责任公司,http://company.zhaopin.com/CC572092626.htm,石家庄南三条阜康街道圆明路西头鸿运综合楼4楼,,2019-04-29 14:17:04,中专,3千-6千,1-3年,2,石家庄,天猫淘宝运营,贸易/进出口,20-99人
石家庄达内童程科技有限公司,http://company.zhaopin.com/CZ603360530.htm,绿地中山公馆A座8层,桥西区,2019-04-28 19:03:56,大专,4千-6千,不限,1,石家庄,数据支持 教务 五险一金 朝九晚六,教育/培训/院校,10000人以上
河北霄岭工程设计咨询有限公司,http://company.zhaopin.com/P2/CC2186/6501/CC218665018.htm,河北省石家庄市康乐街8号尚德国际25楼,新华区,2019-04-29 00:51:47,大专,5千-1万,3-5年,1,石家庄,互联网平台运营主管,"房地产/建筑/建材/工程,IT服务(系统/数据/维护)",100-499人
石家庄达内童程科技有限公司,http://company.zhaopin.com/CZ603360530.htm,东方大厦11层,桥西区,2019-04-28 19:04:24,大专,4千-6千,不限,1,石家庄,教务督导（数据） 双休,教育/培训/院校,10000人以上
石家庄达内童程科技有限公司,http://company.zhaopin.com/CZ603360530.htm,乐汇城,,2019-04-27 17:42:59,大专,4千-6千,1-3年,1,石家庄,数据支持 教务 五险一金 朝九晚六,教育/培训/院校,10000人以上
中国平安人寿保险股份有限公司河北分公司海悦部,http://company.zhaopin.com/CZ848043770.htm,桥西区海悦天地,,2019-04-29 00:52:26,大专,8千-1万,不限,8,石家庄,底薪4500至2万，大专以上--中国平安保险，车险，贷款,"保险,银行",10000人以上
石家庄达内童程科技有限公司,http://company.zhaopin.com/CZ603360530.htm,绿地中山公馆A座8层,桥西区,2019-04-28 19:04:24,大专,4千-6千,不限,1,石家庄,数据支持 教务 五险一金 朝九晚六,教育/培训/院校,10000人以上
石家庄达内童程科技有限公司,http://company.zhaopin.com/CZ603360530.htm,东方大厦,桥西区,2019-04-28 19:03:56,大专,4千-6千,1-3年,1,石家庄,教务督导（数据） 双休 五险一金 ,教育/培训/院校,10000人以上
石家庄楼小易电子商务有限公司,http://company.zhaopin.com/CZ369274580.htm,石家庄裕华区翟营大街与槐安路交口西南角和平大厦2楼,,2019-04-29 00:51:45,大专,3千-6千,3-5年,3,石家庄,bd,快速消费品（食品/饮料/烟酒/日化）,20-99人
石家庄达内童程科技有限公司,http://company.zhaopin.com/CZ603360530.htm,东方大厦,桥西区,2019-04-29 09:38:37,大专,4千-6千,1-3年,1,石家庄,教务督导（数据） 双休,教育/培训/院校,10000人以上
北京华信智原教育技术有限公司河北分公司,http://company.zhaopin.com/CZ284641380.htm,石家庄桥西区红旗大街与汇丰路交口西美花街大厦17层,,2019-04-29 09:58:43,大专,6千-8千,1年以下,4,石家庄,数据统计实习生,"计算机软件,互联网/电子商务",20-99人
石家庄达内童程科技有限公司,http://company.zhaopin.com/CZ603360530.htm,乐汇城,桥西区,2019-04-27 17:43:30,大专,4千-6千,1-3年,3,石家庄,教务督导（数据） 双休,教育/培训/院校,10000人以上
河北速恒贸易有限公司,http://company.zhaopin.com/CZ332612580.htm,河北省石家庄市裕华区润丰五金城,裕华区,2019-04-29 00:51:13,不限,1万-1.5万,不限,5,石家庄,天猫京东运营主管,"互联网/电子商务,耐用消费品（服饰/纺织/皮革/家具/家电）,零售/批发,酒店/餐饮",20-99人
汇生卓远管理咨询(北京)有限公司河北分公司,http://company.zhaopin.com/CZ846525090.htm,裕华区金源商务广场B座601,,2019-04-28 08:58:59,本科,4千-6千,不限,2,石家庄,Junior Analyst (初级投资分析师 BDD中心）,专业服务/咨询(财会/法律/人力资源等),100-499人
河北觉尔信息咨询有限公司,http://company.zhaopin.com/CZ664763330.htm,裕华区万达广场,,2019-04-29 00:50:46,大专,8千-1万,1-3年,3,石家庄,网店运营,互联网/电子商务,20-99人
石家庄纳盈科技有限公司,http://company.zhaopin.com/CZ503718680.htm,新华区康乐街尚德国际2006,,2019-04-29 00:50:19,大专,3千-6千,不限,10,石家庄,诚聘淘宝运营助理双休,互联网/电子商务,20人以下
石家庄纳盈科技有限公司,http://company.zhaopin.com/CZ503718680.htm,新华区康乐街尚德国际2006,,2019-04-29 00:50:19,大专,4千-8千,1年以下,3,石家庄,诚聘淘宝运营+双休,互联网/电子商务,20人以下
石家庄三吉食品有限责任公司,http://company.zhaopin.com/CC434476818.htm,裕华区,裕华区,2019-04-29 08:43:11,本科,4千-8千,3-5年,3,石家庄,京东运营,"快速消费品（食品/饮料/烟酒/日化）,互联网/电子商务,零售/批发,贸易/进出口",20人以下
北京爱游易科技有限公司石家庄分公司,http://special.zhaopin.com/pagepublish/52717922/index.html,石家庄市裕华区万达写字楼C座11层,,2019-04-29 14:23:02,本科,2.5千-4千,1-3年,3,石家庄,新媒体运营编辑（小红书方向）,"互联网/电子商务,旅游/度假",100-499人
石家庄童程童美培训学校有限公司,http://company.zhaopin.com/CZ818838730.htm,中山公馆A座8层,,2019-04-29 09:18:53,大专,4千-6千,1-3年,1,石家庄,数据支持 教务 五险一金 朝九晚六,教育/培训/院校,10000人以上
上海精桥教育科技有限公司,http://company.zhaopin.com/CZ602233580.htm,石家庄市长安万达广场（谈固大街与中山路交口）,长安区,2019-04-29 13:27:53,中专,5千-6千,不限,1,石家庄,市场专员/活动执行（蕃茄田石家庄万达）,教育/培训/院校,500-999人
石家庄市桥西区清美数字媒体职业培训学校,http://special.zhaopin.com/pagepublish/52307912/index.html,石家庄市槐安西路88号卓达中苑商务大厦D座十层整层,桥西区,2019-04-29 13:27:35,大专,1.5万-2万,3-5年,1,石家庄,Linux运维讲师,"教育/培训/院校,媒体/出版/影视/文化传播,计算机软件,互联网/电子商务",100-499人
河北瑞通公路配套设施有限公司,http://company.zhaopin.com/CZ179674320.htm,河北省石家庄市高新区湘江道319号天山科技园,,2019-04-29 13:56:52,大专,8千-1万,5-10年,2,石家庄,销售经理,"IT服务(系统/数据/维护),计算机软件,IT服务(系统/数据/维护),IT|通信|电子|互联网",20-99人
河北博影云一科技有限公司,http://company.zhaopin.com/CZ844215180.htm,和平路与胜利大街交口明日郡商务楼,,2019-04-29 13:27:34,大专,4.5千-9千,3-5年,2,石家庄,市场营销,,全部
河北觉尔信息咨询有限公司,http://company.zhaopin.com/CZ664763330.htm,裕华区万达广场,,2019-04-29 13:25:57,不限,8千-1万,1-3年,2,石家庄,亚马逊阿里国际运营,互联网/电子商务,20-99人
河北觉尔信息咨询有限公司,http://company.zhaopin.com/CZ664763330.htm,裕华区万达广场,,2019-04-29 13:24:12,不限,8千-1万,1-3年,2,石家庄,海外运营,互联网/电子商务,20-99人
石家庄市栾城区新东方烹饪职业技能培训学校有限公司,http://company.zhaopin.com/CZ831087530.htm,石家庄市裕华区建强路9号商务楼4楼,,2019-04-29 13:20:38,大专,4千-6千,1年以下,2,石家庄,竞价推广,"教育/培训/院校,教育/培训/院校",100-499人
河北润江投资集团有限公司,http://special.zhaopin.com/2018/sjz/11296/hbrz050950,石家庄市开发区祁连街95号慧谷大厦,,2019-04-29 13:14:47,本科,6千-8千,5-10年,1,石家庄,招聘经理,房地产/建筑/建材/工程,500-999人
石家庄市栾城区新东方烹饪职业技能培训学校有限公司,http://company.zhaopin.com/CZ831087530.htm,石家庄市栾城区张举路43号,,2019-04-29 13:12:49,大专,4千-6千,1-3年,1,石家庄,新媒体运营,"教育/培训/院校,教育/培训/院校",100-499人
石家庄市圣方工贸有限责任公司,http://special.zhaopin.com/pagepublish/18064622/index.html,石家庄广安大街美东国际C座2502室,长安区,2019-04-29 13:14:18,大专,3千-4千,1-3年,1,石家庄,货品内勤,"零售/批发,耐用消费品（服饰/纺织/皮革/家具/家电）,礼品/玩具/工艺美术/收藏品/奢侈品",100-499人
石家庄齐荣堂商贸有限公司,http://company.zhaopin.com/CZ626856530.htm,裕华区怀特商业广场,,2019-04-29 13:13:49,大专,4千-6千,不限,3,石家庄,实习交易员双休,互联网/电子商务,20-99人
石家庄方天货栈贸易有限公司,http://company.zhaopin.com/CZ827230660.htm,裕华区建设南大街海洋水产市场4排2楼,,2019-04-29 00:51:24,大专,8千-1万,1-3年,2,石家庄,销售经理,"互联网/电子商务,快速消费品（食品/饮料/烟酒/日化）",100-499人
石家庄市栾城区新东方烹饪职业技能培训学校有限公司,http://company.zhaopin.com/CZ831087530.htm,石家庄市栾城区张举路43号,,2019-04-29 13:08:21,大专,4千-6千,1年以下,2,石家庄,竞价推广五险一金,"教育/培训/院校,教育/培训/院校",100-499人
北京薪享宏福教育咨询有限公司,http://company.zhaopin.com/CZ819930900.htm,昌平区北七家镇温度水城火炬广场北街1号西侧4层,,2019-04-29 10:04:31,大专,8千-1万,不限,1,石家庄,大数据实习生,教育/培训/院校,100-499人
河北航天信息技术有限公司,http://special.zhaopin.com/2016/sjz/11093/hbht041572,石家庄新石中路物联网大厦C座,,2019-04-29 13:23:20,本科,4千-6千,3-5年,1,石家庄,QA质量管理工程师,"IT服务(系统/数据/维护),互联网/电子商务,计算机软件",1000-9999人
石家庄正和网络有限公司,http://special.zhaopin.com/pagepublish/44425281/index.html,石家庄高新区长江大道168号天山银河广场C座6F,,2019-04-29 13:02:32,大专,5千-6千,3-5年,1,石家庄,网站优化（主站）,互联网/电子商务,100-499人
深州市安德森边坡防护制品有限公司,http://company.zhaopin.com/CC635094024.htm,河北省石家庄市高新区长久中心写字楼1号楼2单元10层,东开发区,2019-04-29 14:17:11,大专,4千-6千,1-3年,1,石家庄,外贸运营主管,贸易/进出口,20-99人
中物联大数据有限公司,http://company.zhaopin.com/CZ681034330.htm,河北省石家庄市裕华区槐安东路138-2号恒泰国际1111室,裕华区,2019-04-29 10:44:45,大专,6千-8千,1-3年,5,石家庄,java开发工程师,"计算机软件,互联网/电子商务,IT|通信|电子|互联网",100-499人
河北盛典文化传播有限公司,http://special.zhaopin.com/pagepublish/45128873/index.html,建设大街裕华路交口天银大厦19层,,2019-04-29 13:21:11,本科,4千-6千,1-3年,2,石家庄,新媒体专员,"广告/会展/公关,媒体/出版/影视/文化传播",20-99人
河北贝壳房地产经纪有限公司,http://company.zhaopin.com/CZ815420790.htm,勒泰中心写字楼B座27层,,2019-04-29 12:27:27,不限,6千-1万,不限,1,石家庄,贝壳/链家 底薪3000+高提成,"房地产/建筑/建材/工程,互联网/电子商务,房地产/建筑/建材/工程,广告/会展/公关",10000人以上
石家庄厚德房地产开发有限公司,http://special.zhaopin.com/pagepublish/29648688/index.html,石家庄市鹿泉区获鹿镇北斗路与翠屏大街交叉口西行200米（丽枫酒店）4层,鹿泉区,2019-04-29 00:50:18,大专,8千-1.2万,5-10年,1,石家庄,成本经理,房地产/建筑/建材/工程,100-499人
石家庄笑果商贸有限公司,http://company.zhaopin.com/CZ834114890.htm,建设大街东风路金正君庭B座1022室,,2019-04-29 09:28:00,大专,2千-4千,1年以下,1,石家庄,淘宝天猫运营助理,互联网/电子商务,20-99人
中物联大数据有限公司,http://company.zhaopin.com/CZ681034330.htm,河北省石家庄市裕华区槐安东路138-2号恒泰国际1111室,裕华区,2019-04-29 10:44:45,大专,6千-8千,3-5年,6,石家庄,中级Java软件开发工程师,"计算机软件,互联网/电子商务,IT|通信|电子|互联网",100-499人
石家庄市兴海塑料印刷包装制品有限公司,http://special.zhaopin.com/pagepublish/64814142/index.html,石家庄市经济技术开发区太行大街和东南干道交叉口东行200米右转大唐电信后面,东开发区,2019-04-29 00:52:03,大专,4千-6千,3-5年,1,石家庄,人事部副经理,"印刷/包装/造纸,加工制造（原料加工/模具）",100-499人
广州易和医疗技术开发有限公司,http://company.zhaopin.com/CZ691399120.htm,广州市黄埔区开源大道188号13栋,桥东区,2019-04-29 07:23:27,不限,8千-1万,5-10年,1,石家庄,营销总监（全国）,医疗设备/器械,100-499人
石家庄萨奇进出口贸易有限公司,http://company.zhaopin.com/CZ630164420.htm,荣鼎天下A-0803,新华区,2019-04-29 11:43:27,大专,3千-6千,1-3年,1,石家庄,阿里运营主管 双休+五险,贸易/进出口,20-99人
游民星空,http://company.zhaopin.com/CZ563534020.htm,石家庄市勒泰中心B座11层,长安区,2019-04-29 11:40:24,本科,5千-1万,3-5年,1,石家庄,社群运营经理,"媒体/出版/影视/文化传播,互联网/电子商务",100-499人
河北海航认证有限公司,http://company.zhaopin.com/CZ482364830.htm,石家庄新华区中华大街柏林南路铂领商务,,2019-04-29 13:16:49,本科,5千-8千,3-5年,1,石家庄,市场经理,"检验/检测/认证,交通/运输",20-99人
石家庄和济医药科技有限公司,http://company.zhaopin.com/CZ538476880.htm,河北省石家庄市裕华区赵卜口新村18-1-1701室,,2019-04-29 00:52:40,大专,4千-6千,1-3年,2,石家庄,产品经理助理,医药/生物工程,20-99人
石家庄杰安达电力器具有限公司,http://company.zhaopin.com/CZ461991180.htm,新华区西三庄街与翔翼路交口河北互联网大厦B座1315室,新华区,2019-04-29 11:22:11,不限,4千-6千,不限,2,石家庄,诚聘淘宝阿里巴巴运营（有经验者）,"互联网/电子商务,电气/电力/水利,贸易/进出口",20-99人
河北美和美创电子科技有限公司,http://special.zhaopin.com/pagepublish/38859483/index.html,石家庄桥西区中山路勒泰B座45层,,2019-04-29 10:57:07,本科,4千-6千,1-3年,1,石家庄,电商运营,"互联网/电子商务,耐用消费品（服饰/纺织/皮革/家具/家电）",100-499人
上汽荣威华北大区广告运营商,http://company.zhaopin.com/CZ894998010.htm,裕华区西美五洲soho，1207室,,2019-04-29 14:43:51,本科,4千-6千,3-5年,1,石家庄,采购,广告/会展/公关,20-99人
成都拜迪新材料有限公司,http://company.zhaopin.com/CZ459791910.htm,全省范围开展工作,,2019-04-29 10:42:48,大专,8千-1万,3-5年,4,石家庄,省区经理,石油/石化/化工,20-99人
石家庄长江心理精神医院,http://company.zhaopin.com/CZ602233420.htm,胜利北街350号,,2019-04-29 10:41:23,不限,4千-6千,不限,1,石家庄,竞价专员,医疗/护理/美容/保健/卫生服务,100-499人
石家庄三奥医疗器械有限公司,http://company.zhaopin.com/%E7%9F%B3%E5%AE%B6%E5%BA%84%E4%B8%89%E5%A5%A5%E5%8C%BB%E7%96%97%E5%99%A8%E6%A2%B0%E6%9C%89%E9%99%90%E5%85%AC%E5%8F%B8_CC371530619.htm,石家庄桥西区胜利南大街塔坛国际商贸城10号写字楼,,2019-04-29 11:08:19,不限,8千-1万,1-3年,1,石家庄,京东运营,"互联网/电子商务,计算机软件,医疗设备/器械",20人以下
石家庄市桥西区清美数字媒体职业培训学校,http://special.zhaopin.com/pagepublish/52307912/index.html,石家庄市槐安西路88号卓达中苑商务大厦D座十层整层,桥西区,2019-04-29 13:10:38,大专,4千-7千,1-3年,2,石家庄,高薪急聘网络推广SEM,"教育/培训/院校,媒体/出版/影视/文化传播,计算机软件,互联网/电子商务",100-499人
河北天森药业有限公司,http://company.zhaopin.com/%E6%B2%B3%E5%8C%97%E5%A4%A9%E6%A3%AE%E8%8D%AF%E4%B8%9A%E6%9C%89%E9%99%90%E5%85%AC%E5%8F%B8_CC327170110.htm,石铜路619号,,2019-04-29 09:40:29,大专,4千-8千,1-3年,1,石家庄,电商运营经理,"医药/生物工程,零售/批发",100-499人
河北联搜科技有限公司,http://company.zhaopin.com/CZ506162880.htm,河北省石家庄市长安区广安大街91号世纪方舟B-707,,2019-04-29 09:08:27,中专,6千-8千,3-5年,1,石家庄,招商经理（五险一金）,互联网/电子商务,20-99人
石家庄中诺口腔医院有限公司,http://special.zhaopin.com/pagepublish/83524476/index.html,石家庄市长安区中山东路与阜宁路交口东北角3号1-4层,,2019-04-29 10:04:22,大专,3千-5千,1-3年,5,石家庄,竞价专员   sem ,医疗/护理/美容/保健/卫生服务,100-499人
石家庄凯德医药科技有限公司,http://company.zhaopin.com/CC252005513.htm,石家庄市高新区长江道壹号A座2109,,2019-04-29 13:09:43,不限,2千-4千,不限,5,石家庄,内勤,"医药/生物工程,快速消费品（食品/饮料/烟酒/日化）,医疗设备/器械,互联网/电子商务",20-99人
河北鑫天德文化传播有限公司,http://company.zhaopin.com/CZ623861580.htm,官鲤公寓2号公寓,,2019-04-29 09:28:02,大专,5千-8千,1-3年,2,石家庄,竞价推广,"互联网/电子商务,礼品/玩具/工艺美术/收藏品/奢侈品",20-99人
北京智联弘盛科技发展有限公司,http://company.zhaopin.com/CZ392855780.htm,桥西区海悦天地D座917,桥西区,2019-04-29 13:39:48,本科,5千-6千,3-5年,1,石家庄,市场策划,"计算机软件,仪器仪表及工业自动化",100-499人
石家庄联钛化工有限公司,http://company.zhaopin.com/P2/CC2701/8601/CC270186017.htm,石家庄市槐安东路90号国富大厦,,2019-04-29 13:04:31,本科,6千-8千,5-10年,1,石家庄,财务经理（储备）,"石油/石化/化工,能源/矿产/采掘/冶炼,贸易/进出口",20-99人
河北美和美创电子科技有限公司,http://special.zhaopin.com/pagepublish/38859483/index.html,石家庄桥西区中山路勒泰B座45层,,2019-04-29 10:52:13,本科,6千-8千,1-3年,1,石家庄,运营主管,"互联网/电子商务,耐用消费品（服饰/纺织/皮革/家具/家电）",100-499人
中佳勘察设计有限公司,http://company.zhaopin.com/CZ231093410.htm,石家庄体育大街363号世纪华茂B座19层,裕华区,2019-04-25 08:34:38,本科,1万-2万,不限,1,石家庄,大数据项目总监,"IT服务(系统/数据/维护),房地产/建筑/建材/工程,计算机软件",100-499人
石家庄万网商贸有限公司,http://company.zhaopin.com/CZ376133710.htm,河北省石家庄市裕华区科技大学南边裕翔码头东尹村东尹路81号,,2019-04-29 00:51:32,不限,8千-1万,3-5年,3,石家庄,线上淘宝天猫京东运营总监经理,互联网/电子商务,20-99人
融嘉体育产业石家庄有限公司,http://company.zhaopin.com/CZ845115980.htm,石家庄长安区建华北大街19号 富华大酒店210室,,2019-04-29 09:48:31,大专,4千-6千,1-3年,1,石家庄,体育营销策划,娱乐/体育/休闲,20-99人
河北大管家实业集团有限公司,http://company.zhaopin.com/CZ272701380.htm,建设大街227号盛邦花园1区东区西北角裙楼二楼,,2019-04-29 15:09:15,大专,4千-6千,3-5年,1,石家庄,平台经理,"互联网/电子商务,IT服务(系统/数据/维护),基金/证券/期货/投资",100-499人
石家庄市新华区优加培训学校,http://company.zhaopin.com/CZ821920290.htm,裕华区富强大街槐安路北行300米怀特聚星城二层,,2019-04-29 13:03:25,大专,8千-1.6万,1-3年,10,石家庄,课程顾问,教育/培训/院校,100-499人
石家庄凯德医药科技有限公司,http://company.zhaopin.com/CC252005513.htm,石家庄市高新区长江道壹号A座2109,,2019-04-29 13:11:25,不限,2千-4千,不限,5,石家庄,客服,"医药/生物工程,快速消费品（食品/饮料/烟酒/日化）,医疗设备/器械,互联网/电子商务",20-99人
亿达宠物用品有限公司,http://company.zhaopin.com/%E6%97%A0%E6%9E%81%E5%8E%BF%E4%BA%BF%E8%BE%BE%E5%AE%A0%E7%89%A9%E7%94%A8%E5%93%81%E6%9C%89%E9%99%90%E5%85%AC%E5%8F%B8_CC472162124.htm,石家庄市裕华区尚东绿洲,,2019-04-29 13:36:38,大专,4千-6千,1-3年,1,石家庄,电商运营,"零售/批发,加工制造（原料加工/模具）,快速消费品（食品/饮料/烟酒/日化）,贸易/进出口",100-499人
河北贝壳房地产经纪有限公司,http://company.zhaopin.com/CZ815420790.htm,勒泰中心写字楼B座27层,,2019-04-29 08:20:30,不限,5千-1万,不限,1,石家庄,【名企】销售 房产中介  置业顾问,"房地产/建筑/建材/工程,互联网/电子商务,房地产/建筑/建材/工程,广告/会展/公关",10000人以上
安阳中智药业有限责任公司,http://company.zhaopin.com/P9/CC1319/3198/CC131931987.htm,银河广场,东开发区,2019-04-29 13:17:49,大专,1万-1.5万,3-5年,5,石家庄,市场督导经理,医药/生物工程,100-499人
瑞庭网络技术(上海)有限公司石家庄分公司,http://company.zhaopin.com/CZ365861510.htm,石家庄长安区东大街开元金融中心（希尔顿酒店）18层,,2019-04-29 09:26:55,不限,1万-1.5万,不限,1,石家庄,企管家-北部大区运营经理(J11561),"互联网/电子商务,计算机软件",10000人以上
河北鑫天德文化传播有限公司,http://company.zhaopin.com/CZ623861580.htm,中山路与广安大街交口北行100米,,2019-04-29 09:28:09,大专,5千-8千,1-3年,5,石家庄,sem竞价推广,"互联网/电子商务,礼品/玩具/工艺美术/收藏品/奢侈品",20-99人
石家庄君海润进出口有限公司,http://special.zhaopin.com/pagepublish/36529831/index.html,石家庄市裕华区怀特文化广场3号馆,,2019-04-29 10:03:40,大专,2千-4千,不限,5,石家庄,电商专员,"贸易/进出口,房地产/建筑/建材/工程,大型设备/机电设备/重工业,环保",20-99人
南宫市森美毛毡工艺制品有限公司,http://company.zhaopin.com/CZ830693280.htm,万达住宅B1南区槐岭路110-111号石家庄市万达b13——2——802,裕华区,2019-04-29 09:27:02,大专,4千-6千,1-3年,2,石家庄,诚招阿里巴巴网站运营,"贸易/进出口,贸易/进出口,加工制造（原料加工/模具）",20人以下
华安生物药业集团,http://special.zhaopin.com/sjz/2013/hasw051030,桥西区卓达中苑商务大厦D座,,2019-04-29 13:11:12,大专,5千-8千,3-5年,1,石家庄,客服经理,"医药/生物工程,医疗/护理/美容/保健/卫生服务,医疗设备/器械",100-499人
河北金能电力科技股份有限公司,http://special.zhaopin.com/pagepublish/39460172/index.html,高新区黄河大道与祁连街慧谷大厦5号楼B座10层,,2019-04-29 10:09:01,大专,6千-9千,1-3年,1,石家庄,高提成 竞价师 优化推广  sem 五险  包住,"电气/电力/水利,互联网/电子商务,大型设备/机电设备/重工业",100-499人
河北立多生物科技有限公司,http://company.zhaopin.com/CC688623221.htm,河北省石家庄市祁连街88号盛和广场E座501室,,2019-04-29 08:37:44,大专,4千-6千,3-5年,1,石家庄,电商运营经理,"快速消费品（食品/饮料/烟酒/日化）,快速消费品（食品/饮料/烟酒/日化）,医药/生物工程",100-499人
石家庄智推科技有限公司,http://special.zhaopin.com/pagepublish/83926384/index.html,裕华区槐安东路105号怀特商业广场写字楼D座8楼,,2019-04-29 09:07:37,大专,3千-4千,不限,3,石家庄,信息审核员,互联网/电子商务,100-499人
河北佰正文化传媒有限公司,http://company.zhaopin.com/CZ700564330.htm,建设南大街235号附近建设南大街石栾路交口北行100米路东，金如意商务，11楼西侧,,2019-04-29 07:37:12,大专,6千-8千,3-5年,1,石家庄,新媒体运营,教育/培训/院校,20-99人
河北秦川文体乐器有限公司,http://special.zhaopin.com/2017/sjz/11217/hbqc042182,石家庄市建设北大街38号（北国商城北行200米路西）,长安区,2019-04-24 08:53:19,大专,3千-5千,1-3年,1,石家庄,数据统计,"教育/培训/院校,教育/培训/院校,媒体/出版/影视/文化传播",100-499人
河北意尔康,http://special.zhaopin.com/pagepublish/37725451/index.html,石家庄市桥东区石正路24号华北鞋城商务楼4楼,长安区,2019-04-29 09:09:47,不限,3千-6千,不限,2,石家庄,意尔康商品专员（华北鞋城）,耐用消费品（服饰/纺织/皮革/家具/家电）,500-999人
河北佰正文化传媒有限公司,http://company.zhaopin.com/CZ700564330.htm,建设南大街235号附近建设南大街石栾路交口北行100米路东，金如意商务，11楼西侧,,2019-04-29 07:37:08,不限,2千-4千,不限,1,石家庄,人事专员,教育/培训/院校,20-99人
北京有爱时代科技有限公司,http://company.zhaopin.com/CZ650137330.htm,石家庄裕华区万达广场写字楼B座2401-2412,,2019-04-29 10:05:53,大专,3千-6千,1-3年,2,石家庄,活动策划专员,互联网/电子商务,20-99人
中国勒泰商业地产集团,http://company.zhaopin.com/CZ579581520.htm,长安区中山东路39号勒泰B座写字楼8楼,,2019-04-26 10:04:26,本科,1万-2万,3-5年,1,石家庄,商管事业部大数据经理,"房地产/建筑/建材/工程,物业管理/商业中心",1000-9999人
深圳万乘联合投资有限公司石家庄分公司,http://special.zhaopin.com/pagepublish/53733412/index.html,建华南大街裕华东路133号方北大厦A座20层,,2019-04-29 09:32:56,大专,6千-8千,1-3年,5,石家庄,电话销售/催收专员,基金/证券/期货/投资,500-999人
石家庄智推科技有限公司,http://special.zhaopin.com/pagepublish/83926384/index.html,裕华区槐安东路105号怀特商业广场写字楼D座8楼,,2019-04-29 09:07:37,大专,4千-6千,不限,10,石家庄,信息流运营顾问,互联网/电子商务,100-499人
河北挚邻美居房地产经纪有限公司,http://company.zhaopin.com/CZ817677620.htm,长安区平安大街和平路交叉口东胜商务广场,长安区,2019-04-29 00:52:35,大专,4千-6千,1-3年,1,石家庄,板块运营人员,"互联网/电子商务,房地产/建筑/建材/工程",500-999人
平安普惠企业管理有限公司河北分公司,http://company.zhaopin.com/CZ385330680.htm,石家庄市乐汇城写字楼C座7楼,,2019-04-29 14:37:01,本科,4千-6千,1-3年,1,石家庄,1721GY-业务管理岗,"专业服务/咨询(财会/法律/人力资源等),信托/担保/拍卖/典当,基金/证券/期货/投资,保险",1000-9999人
亿达宠物用品有限公司,http://company.zhaopin.com/%E6%97%A0%E6%9E%81%E5%8E%BF%E4%BA%BF%E8%BE%BE%E5%AE%A0%E7%89%A9%E7%94%A8%E5%93%81%E6%9C%89%E9%99%90%E5%85%AC%E5%8F%B8_CC472162124.htm,石家庄市裕华区尚东绿洲,,2019-04-29 13:36:23,大专,4千-6千,1-3年,1,石家庄,天猫运营,"零售/批发,加工制造（原料加工/模具）,快速消费品（食品/饮料/烟酒/日化）,贸易/进出口",100-499人
石家庄百盛中兴商贸有限公司,http://company.zhaopin.com/CZ361824813.htm,外贸街15号,,2019-04-29 08:34:08,大专,6千-8千,1-3年,1,石家庄,公司培训师（技能输送）,耐用消费品（服饰/纺织/皮革/家具/家电）,100-499人
石家庄百盛中兴商贸有限公司,http://company.zhaopin.com/CZ361824813.htm,外贸街15号,,2019-04-29 08:34:08,不限,4千-6千,1-3年,5,石家庄,督导,耐用消费品（服饰/纺织/皮革/家具/家电）,100-499人
石家庄尚睫进出口贸易有限公司,http://company.zhaopin.com/CC589143427.htm,天山科技园,东开发区,2019-04-29 00:50:27,大专,4千-6千,1-3年,3,石家庄,阿里巴巴国际站运营&外贸业务,"贸易/进出口,医疗/护理/美容/保健/卫生服务",20-99人
石家庄百盛中兴商贸有限公司,http://company.zhaopin.com/CZ361824813.htm,外贸街15号,,2019-04-29 08:34:08,大专,8千-1万,1-3年,2,石家庄,加盟商渠道总监助理（运筹帷幄）,耐用消费品（服饰/纺织/皮革/家具/家电）,100-499人
北京资采信息技术有限公司,http://company.zhaopin.com/CC327037487.htm,高新技术开发区昆仑大街69号,桥西区,2019-04-22 15:12:46,本科,6千-1万,3-5年,2,石家庄,BI分析师【河北电信】,"IT服务(系统/数据/维护),通信/电信运营、增值服务,互联网/电子商务,广告/会展/公关",20-99人
安阳中智药业有限责任公司,http://company.zhaopin.com/P9/CC1319/3198/CC131931987.htm,银河广场,东开发区,2019-04-29 13:22:22,大专,6千-8千,3-5年,5,石家庄,医药销售,医药/生物工程,100-499人
河北沁芳康健软件科技有限公司,http://company.zhaopin.com/CC380113183.htm,河北省石家庄市新华区中华北大街与市庄路交口东南角，河北沁芳康健健康管理机构三楼,新华区,2019-04-28 09:02:38,本科,8千-1万,3-5年,1,石家庄,数据主管 双休,"计算机软件,通信/电信运营、增值服务,互联网/电子商务,IT服务(系统/数据/维护)",100-499人
北京智慧星光信息技术有限公司,http://company.zhaopin.com/%E5%8C%97%E4%BA%AC%E6%99%BA%E6%85%A7%E6%98%9F%E5%85%89%E4%BF%A1%E6%81%AF%E6%8A%80%E6%9C%AF%E6%9C%89%E9%99%90%E5%85%AC%E5%8F%B8_CC467352913.htm,石家庄市桥西区新石中路377号物联网大厦C座1616,桥西区,2019-04-23 16:42:29,大专,4千-8千,3-5年,5,石家庄,舆情分析师,"IT服务(系统/数据/维护),互联网/电子商务,计算机软件",500-999人
石家庄深海之澜企业管理有限公司,http://special.zhaopin.com/pagepublish/42716348/index.html,新华路商务广场A座十楼,,2019-04-29 13:01:12,大专,4千-6千,3-5年,2,石家庄,商品专员,"零售/批发,耐用消费品（服饰/纺织/皮革/家具/家电）",20-99人
石家庄君乐宝乳业有限公司,http://special.zhaopin.com/2016/sjz/sjzj030139,石家庄市鹿泉市石铜路36号,,2019-04-29 10:34:08,硕士,1.5万-2万,5-10年,1,石家庄,战略分析师,"快速消费品（食品/饮料/烟酒/日化）,快速消费品（食品/饮料/烟酒/日化）",1000-9999人
河北嘉恒汇业信息咨询有限公司,http://company.zhaopin.com/CZ859060280.htm,裕华区鑫科国际广场C座1902,,2019-04-29 10:28:09,不限,1万-1.5万,不限,5,石家庄,金融投资理财顾问,"基金/证券/期货/投资,基金/证券/期货/投资",100-499人
抖影传媒(北京)有限公司,http://company.zhaopin.com/CZ857164780.htm,桥西区塔谈国际商贸城10号写字楼21楼,,2019-04-29 13:15:39,本科,6千-8千,不限,5,石家庄,文案策划编辑,"文化|传媒|娱乐|体育,房地产|建筑业",20-99人
石家庄三吉食品有限责任公司,http://company.zhaopin.com/CC434476818.htm,裕华区,裕华区,2019-04-29 08:43:11,本科,4千-6千,1-3年,1,石家庄,天猫/淘宝/及其它细分电商渠道运营,"快速消费品（食品/饮料/烟酒/日化）,互联网/电子商务,零售/批发,贸易/进出口",20人以下
河北易之行网络科技有限公司,http://company.zhaopin.com/CZ510172580.htm,裕华区槐安东路152号金源商务广场B座802室,,2019-04-29 10:36:51,本科,8千-1.5万,3-5年,1,石家庄,网络运营经理,"银行,汽车/摩托车",1000-9999人
河北神玥软件科技股份有限公司,http://special.zhaopin.com/pagepublish/57070172/index.html,鹿泉经济开发区御园路39号,,2019-04-28 17:02:04,本科,8千-1.5万,1-3年,1,石家庄,数据工程师,计算机软件,100-499人
石家庄壹切信息咨询有限公司,http://company.zhaopin.com/CZ186653920.htm,河北省石家庄市桥西区维明南大街266号恒大商业广场4-1-808/809,,2019-04-29 13:42:03,不限,2千-4千,不限,10,石家庄,数据录入员,"专业服务/咨询(财会/法律/人力资源等),广告/会展/公关,学术/科研,IT服务(系统/数据/维护)",20-99人
北京中能联合工程技术有限公司石家庄分公司,http://company.zhaopin.com/CZ402799710.htm,石家庄裕华区怀特商业广场A座15楼1501,,2019-04-29 09:03:50,本科,8千-1万,3-5年,1,石家庄,平台运营总监/经理,"专业服务/咨询(财会/法律/人力资源等),石油/石化/化工,能源/矿产/采掘/冶炼,互联网/电子商务",100-499人
河北环海检测科技有限公司,http://company.zhaopin.com/CZ409787430.htm,高新区方亿科技园A区1号楼4层02、03厂房,东开发区,2019-04-29 08:42:56,大专,5千-1万,1-3年,3,石家庄,急聘环境检测业务员,"环保,环保,检验/检测/认证",20-99人
石家庄市安普医疗器械销售有限公司,http://company.zhaopin.com/CZ652966420.htm,高新区珠江大道祁连街交叉口长九中心A座1号楼1单元501,,2019-04-29 12:40:14,不限,4千-6千,1-3年,2,石家庄,京东天猫运营主管,医疗设备/器械,20-99人
广州小鹏汽车科技有限公司,http://company.zhaopin.com/CZ405839980.htm,小鹏汽车,,2019-04-29 13:09:44,大专,1万-2万,1-3年,1,石家庄,销售主管（石家庄）,"汽车/摩托车,互联网/电子商务",1000-9999人
河北冀企之家信息科技有限公司,http://company.zhaopin.com/CZ665979430.htm,中华大街工农路交口东行500米路南（鹿泉分公司）,,2019-04-29 14:27:00,大专,4千-6千,1-3年,5,石家庄,运营专员,互联网/电子商务,100-499人
石药控股集团有限公司,http://company.zhaopin.com/CZ380673480.htm,石家庄,,2019-04-27 10:57:05,本科,4千-6千,1-3年,999,石家庄,恩必普药业数据运营专员(J11714),"医药/生物工程,基金/证券/期货/投资,物流/仓储,房地产/建筑/建材/工程",10000人以上
北京资采信息技术有限公司,http://company.zhaopin.com/CC327037487.htm,高新技术开发区昆仑大街69号,桥西区,2019-04-22 15:13:07,本科,6千-1万,1-3年,2,石家庄,数据挖掘工程师【河北电信】,"IT服务(系统/数据/维护),通信/电信运营、增值服务,互联网/电子商务,广告/会展/公关",20-99人
安阳中智药业有限责任公司,http://company.zhaopin.com/P9/CC1319/3198/CC131931987.htm,银河广场,东开发区,2019-04-29 13:03:24,大专,6千-8千,3-5年,5,石家庄,医药销售主管,医药/生物工程,100-499人
河北奥梵文化传媒有限公司,http://company.zhaopin.com/CZ653414420.htm,高新区湘江道319号天山科技园7号楼1单元501,,2019-04-29 13:45:03,不限,8千-1万,1-3年,2,石家庄,短视频运营,媒体/出版/影视/文化传播,20-99人
河北奥梵文化传媒有限公司,http://company.zhaopin.com/CZ653414420.htm,高新区湘江道319号天山科技园7号楼1单元501,,2019-04-29 13:30:54,不限,1万-1.5万,1-3年,2,石家庄,新媒体运营,媒体/出版/影视/文化传播,20-99人
河北宏鹏金融服务外包有限公司,http://company.zhaopin.com/CZ551360080.htm,河北省石家庄市新华区荣鼎天下商务楼,新华区,2019-04-29 13:07:45,大专,4千-6千,3-5年,1,石家庄,记账会计,"租赁服务,外包服务",100-499人
南京麦思伦信息科技有限公司,http://company.zhaopin.com/CC477894931.htm,河北石家庄,,2019-04-29 13:22:44,本科,8千-1.5万,3-5年,1,石家庄,java工程师（石家庄）,计算机软件,100-499人
石家庄氐宿企业管理咨询有限公司,http://special.zhaopin.com/pagepublish/62759702/index.html,长安区胜利北街3号嘉艺大厦（冀兴商城）,,2019-04-29 08:44:20,大专,6千-8千,1-3年,1,石家庄,数据建模工程师,"银行,专业服务/咨询(财会/法律/人力资源等),外包服务",100-499人
小股科技股份有限公司,http://special.zhaopin.com/pagepublish/52258488/index.html,石家庄市开发区天山大街和黄河大道交口澳怡大厦12F,裕华区,2019-04-29 10:31:58,大专,4千-8千,1-3年,3,石家庄,商品运营,互联网/电子商务,20-99人
新航道国际教育集团,http://company.zhaopin.com/CZ134022110.htm,石家庄市长安区建设北大街26号长安花苑底商二层 新航道英语学校,,2019-04-29 08:51:50,本科,4千-8千,不限,4,石家庄,课程顾问,教育/培训/院校,10000人以上
河北康惠医疗器械有限公司,http://company.zhaopin.com/CZ379636210.htm,石家庄市东开发区珠江大道88号长九中心A座501-503,,2019-04-29 10:12:53,不限,4千-6千,1-3年,2,石家庄,淘宝天猫运营主管,医疗设备/器械,100-499人
石家庄成凯电力设备有限公司,http://company.zhaopin.com/CZ505282520.htm,胜利北大街石纺路,,2019-04-29 13:53:42,不限,4千-6千,1-3年,1,石家庄,运营助理 美工,"电气/电力/水利,电气/电力/水利,加工制造（原料加工/模具）,仪器仪表及工业自动化",100-499人
石家庄宏瑞钟表有限公司,http://company.zhaopin.com/CZ412937710.htm,石家庄桥西区中华北大街27号鑫明商务1301室,,2019-04-29 13:50:01,不限,3千-5千,1-3年,1,石家庄,商品专员,"零售/批发,耐用消费品（服饰/纺织/皮革/家具/家电）,零售/批发,礼品/玩具/工艺美术/收藏品/奢侈品",100-499人
河北英创科技有限公司,http://company.zhaopin.com/CZ178738520.htm,河北省石家庄市长安区昆仑盛阳门A座22层,,2019-04-29 10:21:19,大专,2.5千-4千,1-3年,2,石家庄,客服专员,"IT服务(系统/数据/维护),通信/电信运营、增值服务,计算机软件,计算机硬件",100-499人
河北正腾网络科技有限公司,http://company.zhaopin.com/CC619043521.htm,新华区太和电子城3楼A75诚达网络,,2019-04-29 07:38:41,大专,2千-4千,1-3年,1,石家庄,商务专员,通信/电信/网络设备,20-99人
河北大管家实业集团有限公司,http://company.zhaopin.com/CZ272701380.htm,建设大街227号盛邦花园1区东区西北角裙楼二楼河北供销商贸（盛邦国际幼儿园对面）,裕华区,2019-04-29 13:37:05,大专,3千-5千,1-3年,1,石家庄,APP运营推广,"互联网/电子商务,IT服务(系统/数据/维护),基金/证券/期货/投资",100-499人
瑞庭网络技术(上海)有限公司石家庄分公司,http://company.zhaopin.com/CZ365861510.htm,石家庄长安区东大街开元金融中心（希尔顿酒店）18层,,2019-04-29 09:26:55,本科,8千-1万,3-5年,1,石家庄,区域运营经理,"互联网/电子商务,计算机软件",10000人以上
河北胜清软件科技有限公司,http://company.zhaopin.com/CZ342724730.htm,石家庄东开发区盛和广场,东开发区,2019-04-24 09:14:31,大专,4千-8千,不限,1,石家庄,大数据工程师,计算机软件,20-99人
北京资采信息技术有限公司,http://company.zhaopin.com/CC327037487.htm,长江大道与太行大街交口中国电信股份有限公司石家庄分公司,裕华区,2019-04-29 13:14:26,本科,8千-1万,3-5年,1,石家庄,数据库工程师【河北项目】,"IT服务(系统/数据/维护),通信/电信运营、增值服务,互联网/电子商务,广告/会展/公关",20-99人
河北龙海网络科技有限公司,http://company.zhaopin.com/CZ774676560.htm,长安区广安大街官鲤公寓1号楼5层,,2019-04-29 07:44:05,大专,6千-8千,3-5年,1,石家庄,策划主管,互联网/电子商务,20-99人
河北坤安药业有限公司,http://company.zhaopin.com/CZ438003030.htm,桥西区红旗大街88号翰林观天下22栋23层,,2019-04-29 10:28:11,本科,1万-2万,5-10年,10,石家庄,产品经理,"医药/生物工程,医疗/护理/美容/保健/卫生服务,学术/科研,医疗设备/器械",20-99人
石家庄三和彩钢结构有限公司,http://company.zhaopin.com/CC213969611.htm,红旗大街与槐安路交口紫金大厦14楼,桥西区,2019-04-29 13:25:20,不限,3千-6千,不限,2,石家庄,人力资源经理,"贸易/进出口,房地产/建筑/建材/工程",20-99人
石家庄市裕华区卓越天成教育培训学校,http://company.zhaopin.com/CZ479957630.htm,河北石家庄谈固西街槐安路交叉口东南角鑫科国际C座1203,裕华区,2019-04-29 13:23:42,大专,3千-6千,1-3年,3,石家庄,自媒体运营总监/专员,教育/培训/院校,100-499人
煜环环境科技有限公司,http://special.zhaopin.com/pagepublish/45239661/index.html,石家庄市红旗大街88号翰林观天下21号楼24层,桥西区,2019-04-29 11:04:28,本科,4千-6千,3-5年,2,石家庄,出纳,环保,20-99人
河北佰正文化传媒有限公司,http://company.zhaopin.com/CZ700564330.htm,建设南大街235号附近建设南大街石栾路交口北行100米路东，金如意商务，11楼西侧,,2019-04-29 07:17:23,本科,6千-8千,不限,1,石家庄,人力资源主管,教育/培训/院校,20-99人
今日头条河北核心代理商,http://special.zhaopin.com/pagepublish/34861093/index.html,百茗楼,桥西区,2019-04-29 09:19:47,本科,4千-6千,不限,1,石家庄,信息流运营顾问,"互联网/电子商务,IT服务(系统/数据/维护)",100-499人
石家庄以岭药业股份有限公司,http://special.zhaopin.com/sjz/11146/ylyy022678,高新技术开发区天山大街238号,,2019-04-29 09:28:25,本科,4千-6千,1-3年,1,石家庄,活动运营主管,"医药/生物工程,互联网/电子商务,快速消费品（食品/饮料/烟酒/日化）,医疗/护理/美容/保健/卫生服务",1000-9999人
河北雅海软件开发有限公司,http://company.zhaopin.com/CZ567910130.htm,长安区跃进路3号天元商务大厦8层,,2019-04-29 13:07:40,大专,4千-6千,1-3年,1,石家庄,网络竞价,通信/电信/网络设备,20-99人
河北优果网络科技有限公司,http://special.zhaopin.com/pagepublish/58220832/index.html,裕华东路108号方北高层3号楼,,2019-04-29 13:03:27,大专,2千-4千,1年以下,2,石家庄,会计及会计助理,"网络游戏,计算机软件,IT服务(系统/数据/维护),跨领域经营",20-99人
河北冀云气象技术服务有限责任公司,http://company.zhaopin.com/CC208259635.htm,裕华区槐中路253号,,2019-04-29 09:16:28,不限,4千-6千,不限,1,石家庄,运维,"通信/电信/网络设备,广告/会展/公关,计算机软件,媒体/出版/影视/文化传播",20-99人
河北卓铭软件科技有限公司,http://special.zhaopin.com/pagepublish/30224223/index.html,河北省石家庄市新华区中华北大街298号颐宏大厦A908    郝女士：0311-68073278、15373930767,,2019-04-29 11:14:10,大专,4千-6千,不限,1,石家庄,新媒体运营,"互联网/电子商务,IT服务(系统/数据/维护),教育/培训/院校,银行",20-99人
河北晨宇防水建材有限公司,http://company.zhaopin.com/CZ466393420.htm,石家庄市裕华区建华南街道212号 方兴大厦 1605,裕华区,2019-04-29 10:19:20,大专,4千-6千,1-3年,1,石家庄,外贸运营,"房地产/建筑/建材/工程,贸易/进出口,加工制造（原料加工/模具）",20-99人
河北正腾网络科技有限公司,http://company.zhaopin.com/CC619043521.htm,新华区中华大街联盟路口荣鼎天下B座0816,,2019-04-29 07:54:25,大专,2千-4千,1-3年,1,石家庄,销售助理,通信/电信/网络设备,20-99人
石家庄荣欧商贸有限公司,http://company.zhaopin.com/CZ448035780.htm,赵二街东150米石家庄新华区赵陵铺赵二街工业园区餐具批发库房,新华区,2019-04-29 10:34:53,不限,1万-1.5万,不限,2,石家庄,淘宝运营,,全部
今日头条河北核心代理商,http://special.zhaopin.com/pagepublish/34861093/index.html,桥西区友谊南大街156号百茗楼四层南区,,2019-04-29 09:20:14,不限,2千-4千,不限,1,石家庄,媒介（销售助理）,"互联网/电子商务,IT服务(系统/数据/维护)",100-499人
河北永鑫电子有限公司,http://company.zhaopin.com/CZ193715620.htm,石家庄市新华区华强广场,,2019-04-29 12:02:52,不限,3.5千-5千,不限,6,石家庄,电话销售,"电子技术/半导体/集成电路,互联网/电子商务,IT服务(系统/数据/维护),计算机硬件",20-99人
河北大管家实业集团有限公司,http://company.zhaopin.com/CZ272701380.htm,建设大街227号盛邦花园1区东区西北角裙楼二楼,,2019-04-29 09:46:26,大专,4千-6千,3-5年,1,石家庄,平台运营经理,"互联网/电子商务,IT服务(系统/数据/维护),基金/证券/期货/投资",100-499人
石家庄辰拓汽车用品有限公司,http://company.zhaopin.com/CC295791382.htm,石家庄平安南大街与槐北路交叉口，君合商务中心,,2019-04-29 09:30:13,不限,8千-1万,不限,1,石家庄,电商运营,互联网/电子商务,20-99人
石家庄高能电子科技有限公司,http://company.zhaopin.com/CZ634102530.htm,桥西区西二环与新石北路交叉口金石工业园创新大厦2层,,2019-04-24 11:25:29,大专,5千-7千,3-5年,1,石家庄,数据处理,"电子技术/半导体/集成电路,航空/航天研究与制造",20-99人
河北旭尊实业集团有限公司石家庄第一分公司,http://company.zhaopin.com/CC453479588.htm,新华路219号鹿城商务中心1号楼1309(中华北大街与新华路交叉口西行100米路北),,2019-04-29 09:47:23,不限,5千-1万,不限,20,石家庄,高薪诚聘业务经理,基金/证券/期货/投资,100-499人
河北亚博农业科技有限公司,http://company.zhaopin.com/CZ331264830.htm,石家庄桥西区新华路568号（西二环新华路口东行150米路南）,桥西区,2019-04-29 07:24:27,大专,6千-8千,3-5年,1,石家庄,渠道经理,"农/林/牧/渔,快速消费品（食品/饮料/烟酒/日化）",100-499人
上海摩研品牌设计有限公司,http://company.zhaopin.com/CZ457527130.htm,长安区广安大街,,2019-04-29 11:25:36,本科,3千-5千,1-3年,2,石家庄,编辑文案,"媒体/出版/影视/文化传播,快速消费品（食品/饮料/烟酒/日化）,印刷/包装/造纸",20-99人
河北嘉恒汇业信息咨询有限公司,http://company.zhaopin.com/CZ859060280.htm,裕华区鑫科国际广场C座1902,,2019-04-29 10:28:52,不限,1万-1.5万,不限,5,石家庄,诚聘高级交易员+六千起,"基金/证券/期货/投资,基金/证券/期货/投资",100-499人
北京尚博信科技有限公司,http://special.zhaopin.com/pagepublish/21919761/index.html,桥西区槐安东路6号河北石油分公司,,2019-04-29 09:17:24,大专,6千-1.2万,3-5年,1,石家庄,产品经理（石家庄）,"通信/电信运营、增值服务,计算机软件,IT服务(系统/数据/维护),互联网/电子商务",100-499人
松辰堂科技河北有限公司,http://company.zhaopin.com/CZ408644080.htm,石家庄长安区建设大街与中山路交叉口燕春饭店3楼,,2019-04-29 10:47:55,大专,4千-6千,1-3年,1,石家庄,sem,"家居/室内设计/装饰装潢,医疗/护理/美容/保健/卫生服务",100-499人
南京华久供应链服务有限公司,http://company.zhaopin.com/CZ664214030.htm,友谊北大街太保路19号,新华区,2019-04-29 08:56:00,中技,2千-4千,3-5年,1,石家庄,账务员,"汽车/摩托车,物流/仓储",500-999人
中山市联众文具有限公司,http://company.zhaopin.com/CZ609827530.htm,中山市小榄镇宝丰小榄工业大道南13号之二1栋一楼,,2019-04-29 08:26:33,中专,3千-5千,3-5年,2,石家庄,业务主管及业务经理,礼品/玩具/工艺美术/收藏品/奢侈品,500-999人
河北冀云气象技术服务有限责任公司,http://company.zhaopin.com/CC208259635.htm,裕华区槐中路253号,,2019-04-29 09:16:25,不限,4千-6千,不限,1,石家庄,运营主管/专员,"通信/电信/网络设备,广告/会展/公关,计算机软件,媒体/出版/影视/文化传播",20-99人
石家庄智佳信息咨询有限公司,http://company.zhaopin.com/CZ432188310.htm,中山西路700悦享天地,,2019-04-23 09:37:53,本科,4千-6千,3-5年,1,石家庄,分析助理,"互联网/电子商务,专业服务/咨询(财会/法律/人力资源等),基金/证券/期货/投资,贸易/进出口",20人以下
河北德翰文化传播有限公司,http://company.zhaopin.com/%E6%B2%B3%E5%8C%97%E5%BE%B7%E7%BF%B0%E6%96%87%E5%8C%96%E4%BC%A0%E6%92%AD%E6%9C%89%E9%99%90%E5%85%AC%E5%8F%B8_CC428629010.htm,石家庄市裕翔街河北师范大学（新校区）院内国培大厦6楼,,2019-04-29 10:04:30,大专,5千-7千,3-5年,1,石家庄,销售督导,教育/培训/院校,100-499人
河北智同医药控股集团有限公司,http://company.zhaopin.com/CZ131318960.htm,翟营大街与槐安路交口金马国际B座6层,裕华区,2019-04-29 09:54:39,大专,1万-1.5万,1-3年,1,石家庄,河北销售/推广经理,医药/生物工程,100-499人
广东克洛迪信息科技有限公司,http://company.zhaopin.com/CZ508194830.htm,槐安东路6号河北石油分公司,桥西区,2019-04-29 09:54:06,本科,5千-1万,3-5年,1,石家庄,产品经理,IT服务(系统/数据/维护),100-499人
河北重达科技有限公司,http://special.zhaopin.com/pagepublish/38840128/index.html,河北省石家庄市桥西区休门街与民生路交口滨江优谷21层,,2019-04-25 16:37:12,不限,8千-1.2万,5-10年,2,石家庄,Java软件开发工程师（大数据方向）,"计算机软件,互联网/电子商务",20-99人
华润河北医药有限公司,http://company.zhaopin.com/CZ319301530.htm,东大街5号开元中心10c,长安区,2019-04-28 11:54:46,大专,3千-5千,1-3年,1,石家庄,运营分析专员,医疗/护理/美容/保健/卫生服务,1000-9999人
美团点评,http://special.zhaopin.com/2017/bj/bjsk032382,石家庄桥西区新石中路与城角街交叉口金石大厦B座二楼,,2019-04-23 11:34:15,本科,面议,1年以下,10,石家庄,预测排班师,"互联网/电子商务,快速消费品（食品/饮料/烟酒/日化）,零售/批发,计算机软件",10000人以上
河北赛盛邦合投资有限公司,http://company.zhaopin.com/CZ452028120.htm,石家庄保艺大厦4楼,,2019-04-29 09:18:25,大专,3.5千-4.5千,不限,1,石家庄,产品助理/产品内勤,零售/批发,1000-9999人
河北镁神科技股份有限公司,http://special.zhaopin.com/pagepublish/14599749/index.html,河北省邢台市广宗县创业大道西侧,,2019-04-29 09:13:52,本科,6千-8千,5-10年,1,石家庄,绩效薪酬经理,"石油/石化/化工,学术/科研",100-499人
汇丰行地产投资机构,http://special.zhaopin.com/2017/sjz/11270/sjzs081846/,勒泰中心写字楼B座24层,长安区,2019-04-29 08:35:16,本科,1万-2万,3-5年,1,石家庄,私募基金风控负责人,"房地产/建筑/建材/工程,中介服务",500-999人
河北智德检验检测股份有限公司,http://company.zhaopin.com/CC262352487.htm,石家庄市高新区天山大街585号日中天创新科技园底商B4,,2019-04-28 14:09:26,大专,3千-5千,不限,30,石家庄,数据中心文员,"检验/检测/认证,快速消费品（食品/饮料/烟酒/日化）",20-99人
河北圣雪大成制药有限责任公司,http://company.zhaopin.com/CZ213915110.htm,石家庄市栾城圣雪路50号,,2019-04-28 09:32:08,硕士,3千-6千,不限,1,石家庄,分析工程师,医药/生物工程,1000-9999人
河北谷腾科技有限公司,http://company.zhaopin.com/CZ640677380.htm,栾城区裕翔街未来科技城二层A02,,2019-04-29 08:49:28,大专,3千-6千,1-3年,1,石家庄,亚马逊测评员,互联网/电子商务,20-99人
蓝气球(北京)医学研究有限公司,http://company.zhaopin.com/CZ571487230.htm,办事处在建立当中,,2019-04-26 11:06:13,大专,4千-6千,不限,5,石家庄,临床数据管理员-石家庄,"医药/生物工程,医药/生物工程,医疗设备/器械",20-99人
石家庄华莱鼎盛科技有限公司,http://company.zhaopin.com/CZ558005820.htm,新华区格澜商务16楼,新华区,2019-04-29 07:47:35,本科,4千-6千,1-3年,1,石家庄,生产计划,石油/石化/化工,20-99人
石家庄百盛中兴商贸有限公司,http://company.zhaopin.com/CZ361824813.htm,外贸街15号,,2019-04-29 08:34:08,大专,4千-6千,1-3年,2,石家庄,邢台督导,耐用消费品（服饰/纺织/皮革/家具/家电）,100-499人
美利金融,http://company.zhaopin.com/CZ697730420.htm,石家庄市新华区西三庄街中亚商务,,2019-04-29 08:15:47,不限,8千-1万,不限,1,石家庄,二手车车贷专员（无责底薪3000+提成）,"基金/证券/期货/投资,信托/担保/拍卖/典当",1000-9999人
美利金融,http://company.zhaopin.com/CZ697730420.htm,石家庄市新华区西三庄街52号中亚商务B座2楼,,2019-04-29 08:27:28,不限,1万-1.5万,不限,5,石家庄,二手车金融顾问,"基金/证券/期货/投资,信托/担保/拍卖/典当",1000-9999人
上海易鑫融资租赁有限公司,http://company.zhaopin.com/CZ688310720.htm,赵县,赵县,2019-04-24 09:55:27,不限,4千-6千,不限,1,石家庄,金融顾问（石家庄-赵县）(J15877),"互联网/电子商务,租赁服务,互联网/电子商务,汽车/摩托车",1000-9999人
河北嘉恒汇业信息咨询有限公司,http://company.zhaopin.com/CZ859060280.htm,裕华区鑫科国际广场C座1902,,2019-04-24 15:40:08,不限,6千-8千,不限,5,石家庄,黄金外汇分析师,"基金/证券/期货/投资,基金/证券/期货/投资",100-499人
上海易鑫融资租赁有限公司,http://company.zhaopin.com/CZ688310720.htm,晋州,晋州市,2019-04-24 09:53:26,不限,4千-6千,不限,1,石家庄,金融顾问（石家庄-晋州）(J15878),"互联网/电子商务,租赁服务,互联网/电子商务,汽车/摩托车",1000-9999人
北京好车帅帅科技有限公司,http://company.zhaopin.com/CZ819976030.htm,石家庄市,,2019-04-28 13:42:19,不限,6千-8千,不限,1,石家庄,金融专员（石家庄）(J10907),"互联网/电子商务,汽车/摩托车",1000-9999人
上海蔚来汽车有限公司,http://company.zhaopin.com/CZ279171030.htm,石家庄,桥西区,2019-04-26 18:03:31,本科,6千-1万,3-5年,5,石家庄,蔚来顾问（Fellow）,"汽车/摩托车,互联网/电子商务",1000-9999人
北京好车帅帅科技有限公司,http://company.zhaopin.com/CZ819976030.htm,石家庄市,,2019-04-28 13:42:38,不限,6千-8千,不限,1,石家庄,金融专员（石家庄）(J10269),"互联网/电子商务,汽车/摩托车",1000-9999人
北京好车帅帅科技有限公司,http://company.zhaopin.com/CZ819976030.htm,石家庄,,2019-04-22 10:44:11,不限,1万-1.5万,不限,999,石家庄,电商经理（石家庄）(J10592),"互联网/电子商务,汽车/摩托车",1000-9999人
北京好车帅帅科技有限公司,http://company.zhaopin.com/CZ819976030.htm,河北省石家庄市新华区友谊大街与联盟路交口中远大厦1109室,,2019-04-23 17:20:21,不限,8千-1万,不限,999,石家庄,B端销售专员(J10101),"互联网/电子商务,汽车/摩托车",1000-9999人
石家庄铁路职业技工学校,http://company.zhaopin.com/CZ178551820.htm,河北省石家庄市石获南路68号,桥西区,2019-04-28 00:51:29,大专,2千-4千,1-3年,1,石家庄,百度竞价SEM推广专员,教育/培训/院校,100-499人
美克国际家居用品股份有限公司,http://special.zhaopin.com/2016/tj/mkjj022458,石家庄市长安区中山路与广安大街交口世贸酒店底商 美克美家,,2019-04-29 08:16:44,大专,6千-9千,1-3年,1,石家庄,市场营销专员[美克美家石家庄店],"耐用消费品（服饰/纺织/皮革/家具/家电）,房地产/建筑/建材/工程,零售/批发,家居/室内设计/装饰装潢",1000-9999人
朗新科技股份有限公司,http://company.zhaopin.com/CZ633142420.htm,富强大街11号,裕华区,2019-04-23 14:08:45,本科,5千-8千,3-5年,4,石家庄,实施运维工程师(J10533),"IT服务(系统/数据/维护),计算机软件",1000-9999人
壹米滴答供应链集团有限公司,http://special.zhaopin.com/2018/sh/shym073031/,石家庄栾城区窦妪镇沙河大道3号,,2019-04-26 15:49:04,本科,3千-5千,1-3年,1,石家庄,薪酬专员,交通/运输,1000-9999人
广东鸿联九五信息产业有限公司,http://company.zhaopin.com/P10/CC0006/3629/CC000636294.htm,自强路与南小街交口开滦大饭店三楼,桥西区,2019-04-28 10:12:07,大专,5千-7千,1-3年,10,石家庄,银行客服主管,"通信/电信运营、增值服务,IT服务(系统/数据/维护),通信/电信/网络设备",500-999人
百世物流科技(中国)有限公司,http://special.zhaopin.com/2016/hz/bswl051634,河北省石家庄市,,2019-04-22 19:01:28,本科,4千-6千,不限,1,石家庄,开发主管,"IT服务(系统/数据/维护),交通/运输,快速消费品（食品/饮料/烟酒/日化）,互联网/电子商务",1000-9999人
北京鸿联九五信息产业有限公司,http://company.zhaopin.com/CZ120835170.htm,自强路南小街开滦大饭店三楼,,2019-04-28 10:24:07,大专,6千-8千,1-3年,20,石家庄,银行客服主管,"通信/电信运营、增值服务,其他,通信/电信/网络设备",10000人以上
美克国际家居用品股份有限公司,http://special.zhaopin.com/2016/tj/mkjj022458,石家庄市长安区中山路与广安大街交口世贸酒店底商 美克美家,长安区,2019-04-29 08:16:43,大专,1万-1.5万,1-3年,1,石家庄,定制衣柜设计师[石家庄],"耐用消费品（服饰/纺织/皮革/家具/家电）,房地产/建筑/建材/工程,零售/批发,家居/室内设计/装饰装潢",1000-9999人
广东鸿联九五信息产业有限公司,http://company.zhaopin.com/P10/CC0006/3629/CC000636294.htm,自强路与南小街交口开滦大饭店三楼,桥西区,2019-04-28 10:12:07,大专,4千-6千,1-3年,20,石家庄,银行客服班长,"通信/电信运营、增值服务,IT服务(系统/数据/维护),通信/电信/网络设备",500-999人
内蒙古伊利实业集团股份有限公司,http://special.zhaopin.com/sh/2014/yl101058/jobs.htm,石家庄,,2019-04-24 13:11:26,大专,6千-8千,不限,1,石家庄,推广专员_石家庄,快速消费品（食品/饮料/烟酒/日化）,10000人以上
百度河北地区营销服务中心,http://special.zhaopin.com/sjz/2012/pg030971/index.htm,石家庄勒泰中心B座写字楼37、38、39层,,2019-04-28 10:20:49,大专,1.5万-2万,不限,1,石家庄,大客户经理KA（品牌客户+五险一金+高提成）,"互联网/电子商务,IT服务(系统/数据/维护)",1000-9999人
百度河北地区营销服务中心,http://special.zhaopin.com/sjz/2012/pg030971/index.htm,石家庄勒泰中心B座写字楼37、38、39层,,2019-04-25 08:49:51,大专,1.5万-2万,不限,1,石家庄,大客户经理（不限行业+五险一金+高提成）,"互联网/电子商务,IT服务(系统/数据/维护)",1000-9999人
百度河北地区营销服务中心,http://special.zhaopin.com/sjz/2012/pg030971/index.htm,石家庄市桥东区中山路39号勒泰中心（B座）写字楼36/37/38/39,,2019-04-28 17:59:11,本科,8千-1万,不限,5,石家庄,百度挽回顾问 双休 五险一金 月薪5000以上,"互联网/电子商务,IT服务(系统/数据/维护)",1000-9999人
绿城房地产建设管理集团有限公司,http://company.zhaopin.com/CZ542265420.htm,裕华区,,2019-04-20 21:13:44,本科,8千-1万,1-3年,2,石家庄,人力资源主管（本体主管）,房地产/建筑/建材/工程,1000-9999人
中国大地财产保险股份有限公司,http://company.zhaopin.com/CZ145756070.htm,广安大街36号楼银泰国际B座602室,桥西区,2019-04-23 20:24:18,本科,4千-6千,不限,1,石家庄,销售总监助理,"保险,互联网/电子商务,汽车/摩托车",500-999人
石家庄童程童美培训学校有限公司,http://company.zhaopin.com/CZ818838730.htm,中山公馆A座8层,桥西区,2019-04-29 09:20:40,大专,8千-1万,1-3年,1,石家庄,教务经理/总监 月薪10K 五险一金,教育/培训/院校,10000人以上
华为技术有限公司,http://company.zhaopin.com/CC000542945.htm,勒泰中心,长安区,2019-04-28 11:20:43,大专,面议,1-3年,10,石家庄,体验店销售代表,"通信/电信运营、增值服务,IT服务(系统/数据/维护),计算机硬件,计算机软件",10000人以上
百度河北地区营销服务中心,http://special.zhaopin.com/sjz/2012/pg030971/index.htm,石家庄勒泰中心B座写字楼37、38、39层,,2019-04-26 14:50:00,大专,1.5万-2万,不限,1,石家庄,大客户经理（政企旅游+五险一金+高提成）,"互联网/电子商务,IT服务(系统/数据/维护)",1000-9999人
金瓜子科技发展(北京)有限公司,http://special.zhaopin.com/2018/bf/jgzk111342/,丰收路,,2019-04-25 14:32:29,大专,8千-1万,3-5年,1,石家庄,车间主管********,互联网/电子商务,10000人以上
美团点评,http://special.zhaopin.com/2017/bj/bjsk032382,石家庄市长安区中山东路39号勒泰中心A座27层,,2019-04-29 09:50:09,大专,面议,1-3年,30,石家庄,美团B2B石家庄销售,"互联网/电子商务,快速消费品（食品/饮料/烟酒/日化）,零售/批发,计算机软件",10000人以上
石家庄凤歌网络科技有限公司,http://company.zhaopin.com/CZ265763730.htm,石家庄桥西区新源发商贸城9楼,,2019-04-28 00:50:11,大专,3千-5千,不限,5,石家庄,运营助理,"互联网/电子商务,教育/培训/院校",20-99人
北京鸿联九五信息产业有限公司,http://company.zhaopin.com/CZ120835170.htm,自强路南小街开滦大饭店三楼,,2019-04-28 10:24:12,大专,4千-6千,1-3年,20,石家庄,银行客服班长,"通信/电信运营、增值服务,其他,通信/电信/网络设备",10000人以上
Nestle China/雀巢(中国),http://special.zhaopin.com/bf/2014/qczg042185,石家庄,,2019-04-29 10:35:20,大专,6千-8千,1-3年,1,石家庄,销售代表-宠物食品-石家庄,"快速消费品（食品/饮料/烟酒/日化）,医药/生物工程",1000-9999人
融创房地产集团有限公司,http://special.zhaopin.com/2016/tj/11102/rcfd032465,万达,裕华区,2019-04-27 15:09:30,本科,4千-6千,1-3年,1,石家庄,销售助理,房地产/建筑/建材/工程,10000人以上
广东鸿联九五信息产业有限公司,http://company.zhaopin.com/P10/CC0006/3629/CC000636294.htm,自强路与南小街开滦大饭店三楼麦子兄弟服务中心,,2019-04-27 09:48:55,大专,4千-6千,1-3年,1,石家庄,招聘主管,"通信/电信运营、增值服务,IT服务(系统/数据/维护),通信/电信/网络设备",500-999人
拉扎斯网络科技(上海)有限公司,http://company.zhaopin.com/CZ439773710.htm,石家庄市,,2019-04-26 11:00:45,本科,1万-1.8万,5-10年,1,石家庄,新零售资深/高级销售经理 石家庄,互联网/电子商务,10000人以上
上海钧正网络科技有限公司,http://company.zhaopin.com/CZ452457030.htm,新华区,,2019-04-26 14:37:40,大专,1万-1.5万,不限,1,石家庄,策略运营-石家庄,互联网/电子商务,1000-9999人
石家庄童程童美培训学校有限公司,http://company.zhaopin.com/CZ818838730.htm,中山公馆A座8层,,2019-04-29 15:09:56,大专,8千-1万,3-5年,1,石家庄,教育集团 教务总监 五险一金,教育/培训/院校,10000人以上
深圳适才管理咨询有限公司,http://company.zhaopin.com/CZ518376830.htm,石家庄,,2019-04-29 09:12:26,大专,6千-1.2万,1-3年,2,石家庄,OTA运营,"互联网/电子商务,互联网/电子商务",100-499人
河北旭尊实业集团有限公司,http://company.zhaopin.com/CZ393703880.htm,长安区东大街5号开元金融中心（希尔顿酒店）,,2019-04-27 18:02:40,大专,4千-8千,1-3年,5,石家庄,高薪聘业务经理,汽车/摩托车,100-499人
石家庄达内软件科技有限公司,http://special.zhaopin.com/pagepublish/46864202/index.html,河北省石家庄市一环就近安排,,2019-04-28 10:15:52,本科,6千-8千,1-3年,5,石家庄,学管师/班主任（五险一金+带薪培训+奖金）,"计算机软件,IT服务(系统/数据/维护),计算机硬件,互联网/电子商务",1000-9999人
广发银行股份有限公司信用卡中心,http://company.zhaopin.com/CZ132189570.htm,河北省石家庄市长安区广安大街86号财富大厦四楼,,2019-04-28 01:49:50,本科,6千-8千,1-3年,1,石家庄,渠道征信主任（石家庄）,银行,10000人以上
北京普天太力通信科技公司,http://special.zhaopin.com/bj/2009/pt110912/index.htm,长安区东大街希尔顿17K,,2019-04-24 14:11:59,本科,1万-1.5万,3-5年,1,石家庄,华为融合及配件渠道管理,"通信/电信运营、增值服务,通信/电信/网络设备",1000-9999人
深圳市银达担保有限公司,http://company.zhaopin.com/%E6%B7%B1%E5%9C%B3%E5%B8%82%E9%93%B6%E8%BE%BE%E6%8B%85%E4%BF%9D%E6%9C%89%E9%99%90%E5%85%AC%E5%8F%B8_CC199141123.htm,河北省石家庄市中恒大厦1103,,2019-04-23 09:40:21,本科,8千-1万,3-5年,2,石家庄,大客户销售高底薪+五险一金 双休+提成+13薪,基金/证券/期货/投资,100-499人
石家庄市长安区佳鑫诺培训学校,http://company.zhaopin.com/CZ349646010.htm,石家庄市裕华区育才裕华路口金领大厦,裕华区,2019-04-29 10:40:31,大专,6千-8千,不限,8,石家庄,招生经理,教育/培训/院校,100-499人
石家庄达内童程科技有限公司,http://company.zhaopin.com/CZ603360530.htm,石家庄睿和中心,,2019-04-28 19:00:49,本科,6千-8千,不限,1,石家庄,教务辅导老师 班主任 上市集团 薪资6000+ ,教育/培训/院校,10000人以上
石家庄金科房地产开发有限公司,http://special.zhaopin.com/2017/sjz/11092/sjzj062882,石家庄东大街5号开元中心,长安区,2019-04-23 14:43:39,本科,1.5万-2万,5-10年,1,石家庄,市场研究经理,房地产/建筑/建材/工程,10000人以上
石家庄市长安区佳鑫诺培训学校,http://company.zhaopin.com/CZ349646010.htm,东岗路与翟营大街交口东行100米（河北城乡建设学校2号楼6层）,裕华区,2019-04-29 10:40:44,大专,5千-8千,3-5年,1,石家庄,学员服务部主任,教育/培训/院校,100-499人
石家庄市长安区佳鑫诺培训学校,http://company.zhaopin.com/CZ349646010.htm,石家庄市裕华区,裕华区,2019-04-29 10:40:31,大专,6千-8千,不限,8,石家庄,招生经理,教育/培训/院校,100-499人
河北正博瑞恒电子科技有限公司,http://company.zhaopin.com/CZ351854210.htm,石家庄长安区谈南路63号睿和中心19A层01室,,2019-04-26 11:34:11,本科,6千-8千,3-5年,1,石家庄,财务经理,"IT服务(系统/数据/维护),外包服务,教育/培训/院校,互联网/电子商务",20-99人
石家庄达内软件科技有限公司,http://special.zhaopin.com/pagepublish/46864202/index.html,河北省石家庄一环就近分配,,2019-04-28 10:15:50,本科,6千-8千,1-3年,3,石家庄,上市集团  企业合作指导  五险一金  双休,"计算机软件,IT服务(系统/数据/维护),计算机硬件,互联网/电子商务",1000-9999人
石家庄众淼网络信息技术有限公司,http://company.zhaopin.com/CC649796521.htm,河北省石家庄市中山东路39号勒泰中心写字楼A座1313,,2019-04-25 19:31:39,本科,5千-8千,1-3年,1,石家庄,电商运营经理,"互联网/电子商务,IT服务(系统/数据/维护)",20-99人
石家庄达内童程科技有限公司,http://company.zhaopin.com/CZ603360530.htm,乐汇城,桥西区,2019-04-28 19:01:05,本科,6千-8千,不限,1,石家庄,教务管理 上市外企  税后高薪6000+,教育/培训/院校,10000人以上
石家庄市五龙体育器材有限公司,http://company.zhaopin.com/CZ507035220.htm,长安区广安大街官鲤公寓2号公寓2201,,2019-04-26 08:32:50,大专,4千-6千,不限,2,石家庄,五险诚聘 阿里运营助理岗,"娱乐/体育/休闲,互联网/电子商务,贸易/进出口,广告/会展/公关",100-499人
河北贝壳房地产经纪有限公司,http://company.zhaopin.com/CZ815420790.htm,勒泰中心写字楼B座27层,,2019-04-26 12:34:15,大专,5千-1万,不限,5,石家庄,【名企】贝壳高级房产经纪人/储备干部,"房地产/建筑/建材/工程,互联网/电子商务,房地产/建筑/建材/工程,广告/会展/公关",10000人以上
河北旭尊实业集团有限公司,http://company.zhaopin.com/CZ393703880.htm,长安区胜利北大街益庄广场15F,,2019-04-26 17:43:41,不限,8千-1.2万,1-3年,10,石家庄,8700起团队经理,汽车/摩托车,100-499人
青岛百洋医药股份有限公司,http://company.zhaopin.com/CZ133205180.htm,石家庄,,2019-04-24 14:41:17,大专,4千-6千,1年以下,4,石家庄,医药代表（华北）,"医药/生物工程,IT服务(系统/数据/维护),互联网/电子商务",1000-9999人
河北畅志文化传媒有限公司,http://company.zhaopin.com/CC371931534.htm,长安区260医院北行200米益庄广场写字楼2104室,,2019-04-28 09:20:30,大专,3千-5千,1-3年,3,石家庄,市场书运营推广人员,"媒体/出版/影视/文化传播,教育/培训/院校,学术/科研",100-499人
河北旭尊实业集团有限公司,http://company.zhaopin.com/CZ393703880.htm,长安区东大街5号开元金融中心（希尔顿酒店）,,2019-04-27 17:47:28,大专,8.7千-1.2万,1-3年,1,石家庄,团队经理8700起,汽车/摩托车,100-499人
河北奇速网络科技有限公司,http://company.zhaopin.com/CZ399264530.htm,石家庄长安区建华大街与光华路交叉口百川大厦A座21楼,,2019-04-29 10:41:53,大专,8千-1万,1-3年,3,石家庄,sem推广,互联网/电子商务,20-99人
河北旭尊实业集团有限公司,http://company.zhaopin.com/CZ393703880.htm,长安区胜利北大街益庄广场15F,,2019-04-26 17:39:38,不限,5千-1万,不限,20,石家庄,高薪诚聘业务经理,汽车/摩托车,100-499人
石家庄正和网络有限公司,http://special.zhaopin.com/pagepublish/44425281/index.html,石家庄高新区长江大道168号天山银河广场C座6楼,东开发区,2019-04-29 10:55:19,大专,8千-1万,3-5年,1,石家庄,电销总监,互联网/电子商务,100-499人
北京昊网科技有限公司,http://company.zhaopin.com/CZ679322680.htm,石家庄,,2019-04-29 09:56:48,大专,5.5千-1.1万,不限,10,石家庄,机械设计实习工程师,"IT服务(系统/数据/维护),计算机软件,IT服务(系统/数据/维护)",100-499人
石家庄达内软件科技有限公司,http://special.zhaopin.com/pagepublish/46864202/index.html,石家庄市乐汇城,,2019-04-28 09:13:29,本科,6千-8千,1-3年,5,石家庄,班主任教务管理  周末双休五险一金月薪6k+,"计算机软件,IT服务(系统/数据/维护),计算机硬件,互联网/电子商务",1000-9999人
石家庄达内软件科技有限公司,http://special.zhaopin.com/pagepublish/46864202/index.html,河北省石家庄市东方大厦,,2019-04-28 10:17:50,本科,3千-4千,无经验,3,石家庄,上市集团  行政助理  五险一金,"计算机软件,IT服务(系统/数据/维护),计算机硬件,互联网/电子商务",1000-9999人
深圳市银达担保有限公司,http://company.zhaopin.com/%E6%B7%B1%E5%9C%B3%E5%B8%82%E9%93%B6%E8%BE%BE%E6%8B%85%E4%BF%9D%E6%9C%89%E9%99%90%E5%85%AC%E5%8F%B8_CC199141123.htm,河北省石家庄市长安区中山东路建华大街中恒大厦1103,长安区,2019-04-23 09:40:21,大专,6千-8千,1-3年,2,石家庄,客户经理（底薪3250+五险一金+双休+年底双薪+各项福利）,基金/证券/期货/投资,100-499人
天山房地产开发集团有限公司,http://special.zhaopin.com/sjz/2010/tsfc110223/,石家庄东开发区长江大道与泰山街交口东南角长江道壹号B座4楼（天山科技园区）,,2019-04-22 17:27:12,大专,4千-6千,3-5年,1,石家庄,天山物业APP平台运营经理,房地产/建筑/建材/工程,10000人以上
石家庄达内童程科技有限公司,http://company.zhaopin.com/CZ603360530.htm,绿地中山公馆A座8层,,2019-04-27 17:29:31,大专,8千-1万,3-5年,1,石家庄,教务总监 上市外企 股权激励,教育/培训/院校,10000人以上
石家庄达内软件科技有限公司,http://special.zhaopin.com/pagepublish/46864202/index.html,河北省石家庄市一环就近安排,,2019-04-28 10:17:49,本科,6千-8千,1-3年,3,石家庄,上市集团  企业合作指导  双休  五险一金,"计算机软件,IT服务(系统/数据/维护),计算机硬件,互联网/电子商务",1000-9999人
石家庄有名堂商贸有限公司,http://company.zhaopin.com/CZ383766930.htm,习酒华北基地,鹿泉区,2019-04-28 09:36:40,本科,6千-8千,3-5年,1,石家庄,品牌策划,快速消费品（食品/饮料/烟酒/日化）,100-499人
北京爱普益医学检验中心有限公司,http://special.zhaopin.com/pagepublish/27160511/index.html,北京爱普益医学检验中心有限公司,,2019-04-28 09:48:08,大专,4千-8千,1-3年,1,石家庄,销售工程师（河北）,"医药/生物工程,医疗/护理/美容/保健/卫生服务",100-499人
石家庄达内软件科技有限公司,http://special.zhaopin.com/pagepublish/46864202/index.html,石家庄市乐汇城,,2019-04-28 09:13:29,本科,6千-8千,1-3年,5,石家庄,班主任（大学生）月薪6K+周末双休五险一金,"计算机软件,IT服务(系统/数据/维护),计算机硬件,互联网/电子商务",1000-9999人
平安普惠投资咨询有限公司石家庄槐安路分公司,http://company.zhaopin.com/CZ480057980.htm,石家庄市桥西区槐安西路88号中苑商务大厦A座三层0304,,2019-04-28 15:10:45,大专,6千-8千,不限,2,石家庄,咨询顾问(正式编制+六险二金),"信托/担保/拍卖/典当,互联网/电子商务",100-499人
石家庄达内软件科技有限公司,http://special.zhaopin.com/pagepublish/46864202/index.html,中山华府,,2019-04-28 09:13:28,本科,6千-8千,1-3年,2,石家庄,大学辅导员班主任 月薪6K+双休五险一金,"计算机软件,IT服务(系统/数据/维护),计算机硬件,互联网/电子商务",1000-9999人
石家庄达内童程科技有限公司,http://company.zhaopin.com/CZ603360530.htm,绿地中山公馆A座8层,桥西区,2019-04-28 19:03:59,大专,8千-1万,3-5年,1,石家庄,教务总监 上市外企 股权激励,教育/培训/院校,10000人以上
石家庄达内童程科技有限公司,http://company.zhaopin.com/CZ603360530.htm,绿地中山公馆A座8层,,2019-04-28 19:01:30,大专,8千-1万,3-5年,1,石家庄,教务总监 上市外企 股权激励,教育/培训/院校,10000人以上
石家庄达内软件科技有限公司,http://special.zhaopin.com/pagepublish/46864202/index.html,河北省石家庄市一环就近分配,,2019-04-28 10:17:51,本科,6千-8千,1-3年,3,石家庄,大学辅导员底薪4000+五险一金+双休,"计算机软件,IT服务(系统/数据/维护),计算机硬件,互联网/电子商务",1000-9999人
石家庄达内软件科技有限公司,http://special.zhaopin.com/pagepublish/46864202/index.html,中山华府,,2019-04-28 09:13:29,本科,6千-8千,1-3年,2,石家庄,教务管理老师 月薪6K+双休五险一金,"计算机软件,IT服务(系统/数据/维护),计算机硬件,互联网/电子商务",1000-9999人
石家庄达内童程科技有限公司,http://company.zhaopin.com/CZ603360530.htm,绿地中山公馆A座8层,桥西区,2019-04-28 19:04:24,大专,8千-1万,3-5年,1,石家庄,教务总监 上市外企 股权激励,教育/培训/院校,10000人以上
石家庄达内软件科技有限公司,http://special.zhaopin.com/pagepublish/46864202/index.html,河北省石家庄市东方大厦,,2019-04-28 10:15:47,本科,6千-8千,1-3年,5,石家庄,上市外企  教务管理  五险一金  双休,"计算机软件,IT服务(系统/数据/维护),计算机硬件,互联网/电子商务",1000-9999人
石家庄达内软件科技有限公司,http://special.zhaopin.com/pagepublish/46864202/index.html,河北省石家庄市就近安排,,2019-04-28 10:17:52,本科,6千-8千,1-3年,5,石家庄,辅导员班主任  双休五险一金  月薪6k+,"计算机软件,IT服务(系统/数据/维护),计算机硬件,互联网/电子商务",1000-9999人
河北昆时网络科技股份有限公司,http://special.zhaopin.com/pagepublish/49273002/index.html,长安区中山东路739号金谈固投资集团13楼（东二环中山路交口）,长安区,2019-04-22 16:29:42,大专,3千-6千,1-3年,2,石家庄,客户经营专员,"通信/电信/网络设备,通信/电信运营、增值服务",100-499人
石家庄达内软件科技有限公司,http://special.zhaopin.com/pagepublish/46864202/index.html,河北省石家庄市东方大厦,,2019-04-28 10:15:49,本科,8千-1万,1-3年,5,石家庄,大学生班主任  底薪4000+五险一金,"计算机软件,IT服务(系统/数据/维护),计算机硬件,互联网/电子商务",1000-9999人
上海智茂投资咨询有限公司,http://company.zhaopin.com/CZ312019830.htm,河北省石家庄市万达写字楼B座1602室,裕华区,2019-04-23 10:23:43,不限,3千-6千,不限,3,石家庄,客户经理,"基金/证券/期货/投资,专业服务/咨询(财会/法律/人力资源等)",100-499人
石家庄达内软件科技有限公司,http://special.zhaopin.com/pagepublish/46864202/index.html,河北省石家庄市一环就近安排,,2019-04-28 10:17:50,本科,6千-8千,1-3年,7,石家庄,教务管理老师  双休五险一金  底薪4000,"计算机软件,IT服务(系统/数据/维护),计算机硬件,互联网/电子商务",1000-9999人
石家庄达内软件科技有限公司,http://special.zhaopin.com/pagepublish/46864202/index.html,河北省石家庄市就近安排,,2019-04-28 10:15:20,大专,2千-4千,不限,1,石家庄,前台文员 月薪3500五险一金,"计算机软件,IT服务(系统/数据/维护),计算机硬件,互联网/电子商务",1000-9999人
河北润石珠宝饰品有限公司,http://company.zhaopin.com/CZ536674420.htm,和平西路662号润石珠宝,新华区,2019-04-27 17:19:59,大专,4千-6千,3-5年,1,石家庄,人力经理,"贸易/进出口,贸易/进出口,礼品/玩具/工艺美术/收藏品/奢侈品,互联网/电子商务",100-499人
石家庄达内软件科技有限公司,http://special.zhaopin.com/pagepublish/46864202/index.html,中山华府,,2019-04-28 09:13:26,本科,6千-8千,1-3年,2,石家庄,大学辅导员班主任双休五险一金,"计算机软件,IT服务(系统/数据/维护),计算机硬件,互联网/电子商务",1000-9999人
石家庄达内软件科技有限公司,http://special.zhaopin.com/pagepublish/46864202/index.html,河北省石家庄市一环就近安排,,2019-04-28 10:17:50,本科,6千-8千,1-3年,5,石家庄,班主任  底薪4000+双休+五险一金,"计算机软件,IT服务(系统/数据/维护),计算机硬件,互联网/电子商务",1000-9999人
德州鸿联九五信息科技有限公司,http://company.zhaopin.com/CZ846318080.htm,自强路37号开滦大饭店3层中信国安鸿联九五麦子兄弟服务中心,桥西区,2019-04-28 10:33:20,大专,4千-6千,3-5年,1,石家庄,招聘主管,通信/电信运营、增值服务,10000人以上
石家庄达内软件科技有限公司,http://special.zhaopin.com/pagepublish/46864202/index.html,河北省石家庄市一环就近安排,,2019-04-28 10:15:47,本科,6千-8千,1-3年,5,石家庄,大学生辅导老师  五险一金  双休,"计算机软件,IT服务(系统/数据/维护),计算机硬件,互联网/电子商务",1000-9999人
石家庄达内软件科技有限公司,http://special.zhaopin.com/pagepublish/46864202/index.html,河北省石家庄市一环就近分配,,2019-04-28 10:17:51,本科,6千-8千,1-3年,5,石家庄,职业发展老师  双休  五险一金  月薪6k+,"计算机软件,IT服务(系统/数据/维护),计算机硬件,互联网/电子商务",1000-9999人
石家庄达内软件科技有限公司,http://special.zhaopin.com/pagepublish/46864202/index.html,一环就近分配,,2019-04-28 09:13:27,大专,2千-4千,1年以下,1,石家庄,行政前台 3500五险一金,"计算机软件,IT服务(系统/数据/维护),计算机硬件,互联网/电子商务",1000-9999人
石家庄达内软件科技有限公司,http://special.zhaopin.com/pagepublish/46864202/index.html,中山华府,,2019-04-28 09:13:26,本科,6千-8千,1-3年,2,石家庄,上市公司教务老师 月薪6K+双休五险一金,"计算机软件,IT服务(系统/数据/维护),计算机硬件,互联网/电子商务",1000-9999人
石家庄达内软件科技有限公司,http://special.zhaopin.com/pagepublish/46864202/index.html,河北省石家庄市东方大厦,,2019-04-28 10:15:53,本科,6千-8千,1-3年,5,石家庄,大学生班主任  底薪4000+五险一金+周末双休,"计算机软件,IT服务(系统/数据/维护),计算机硬件,互联网/电子商务",1000-9999人
石家庄达内软件科技有限公司,http://special.zhaopin.com/pagepublish/46864202/index.html,中山华府,,2019-04-28 09:13:26,本科,6千-8千,1-3年,2,石家庄,大学生班主任月薪6K+双休五险一金,"计算机软件,IT服务(系统/数据/维护),计算机硬件,互联网/电子商务",1000-9999人
北京华信智原教育技术有限公司河北分公司,http://company.zhaopin.com/CZ284641380.htm,石家庄桥西区石家庄市红旗大街与汇丰路交口西美花街大厦17层,,2019-04-29 08:26:15,大专,4千-6千,不限,3,石家庄,广告动画后期处理,"计算机软件,互联网/电子商务",20-99人
石家庄达内软件科技有限公司,http://special.zhaopin.com/pagepublish/46864202/index.html,中山华府,,2019-04-28 09:13:24,本科,6千-8千,1-3年,2,石家庄,辅导员班主任双休五险一金,"计算机软件,IT服务(系统/数据/维护),计算机硬件,互联网/电子商务",1000-9999人
石家庄达内软件科技有限公司,http://special.zhaopin.com/pagepublish/46864202/index.html,河北省石家庄市一环就近安排,,2019-04-28 10:15:47,本科,6千-8千,1-3年,5,石家庄,辅导员班主任  五险一金  月薪6k+,"计算机软件,IT服务(系统/数据/维护),计算机硬件,互联网/电子商务",1000-9999人
河北中废通网络技术有限公司,http://special.zhaopin.com/pagepublish/64831122/index.html,石家庄市中山路11号乐汇城C座8层,,2019-04-27 14:53:55,大专,4.5千-9千,1-3年,1,石家庄,企业合作部经理,"互联网/电子商务,其他,IT服务(系统/数据/维护)",100-499人
石家庄达内软件科技有限公司,http://special.zhaopin.com/pagepublish/46864202/index.html,河北省石家庄市一环就近安排,,2019-04-28 10:17:46,本科,6千-8千,1-3年,5,石家庄,大学生教务管理周末双休五险一金月薪6k+,"计算机软件,IT服务(系统/数据/维护),计算机硬件,互联网/电子商务",1000-9999人
石家庄达内软件科技有限公司,http://special.zhaopin.com/pagepublish/46864202/index.html,中山华府,,2019-04-28 09:13:30,本科,6千-8千,1-3年,2,石家庄,教务管理老师 双休五险一金,"计算机软件,IT服务(系统/数据/维护),计算机硬件,互联网/电子商务",1000-9999人
北京华信智原教育技术有限公司河北分公司,http://company.zhaopin.com/CZ284641380.htm,红旗南大街与汇丰路交叉口西美花街大厦17层,,2019-04-28 08:30:26,不限,4千-6千,不限,6,石家庄,网络营销推广助理/双休,"计算机软件,互联网/电子商务",20-99人
石家庄达内软件科技有限公司,http://special.zhaopin.com/pagepublish/46864202/index.html,河北省石家庄市一环就近安排,,2019-04-28 10:15:48,本科,6千-8千,1-3年,5,石家庄,（上市外企）教务管理/班主任,"计算机软件,IT服务(系统/数据/维护),计算机硬件,互联网/电子商务",1000-9999人
石家庄达内软件科技有限公司,http://special.zhaopin.com/pagepublish/46864202/index.html,河北省石家庄市就近安排,,2019-04-28 10:15:18,大专,2千-4千,不限,1,石家庄,行政助理月薪3500五险一金,"计算机软件,IT服务(系统/数据/维护),计算机硬件,互联网/电子商务",1000-9999人
石家庄达内软件科技有限公司,http://special.zhaopin.com/pagepublish/46864202/index.html,河北省石家庄市一环就近安排,,2019-04-28 10:17:46,本科,6千-8千,1-3年,5,石家庄,大学生班主任  底薪4000+五险一金,"计算机软件,IT服务(系统/数据/维护),计算机硬件,互联网/电子商务",1000-9999人
石家庄达内软件科技有限公司,http://special.zhaopin.com/pagepublish/46864202/index.html,河北省石家庄市一环就近安排,,2019-04-28 10:15:48,本科,6千-8千,1-3年,5,石家庄,(上市外企）教务管理/班主任,"计算机软件,IT服务(系统/数据/维护),计算机硬件,互联网/电子商务",1000-9999人
石家庄达内童程科技有限公司,http://company.zhaopin.com/CZ603360530.htm,石家庄东方大厦写字楼1101室,桥西区,2019-04-28 19:00:50,大专,4千-6千,1-3年,1,石家庄,教务督导  双休 五险一金,教育/培训/院校,10000人以上
石家庄达内软件科技有限公司,http://special.zhaopin.com/pagepublish/46864202/index.html,河北省石家庄市一环就近安排,,2019-04-28 10:17:48,本科,6千-8千,1-3年,5,石家庄,就业指导经理  月薪8000-双休-五险一金,"计算机软件,IT服务(系统/数据/维护),计算机硬件,互联网/电子商务",1000-9999人
石家庄达内童程科技有限公司,http://company.zhaopin.com/CZ603360530.htm,东方大厦,桥西区,2019-04-29 09:38:35,本科,4千-6千,不限,1,石家庄,上市外企 教务督导 双休 五险一金,教育/培训/院校,10000人以上
石家庄达内童程科技有限公司,http://company.zhaopin.com/CZ603360530.htm,秦皇岛东大街225号五楼（沃金商厦马路正对面）,桥西区,2019-04-29 09:38:37,大专,4千-6千,不限,1,石家庄,教务督导 双休 五险一金,教育/培训/院校,10000人以上
石家庄童程童美培训学校有限公司,http://company.zhaopin.com/CZ818838730.htm,东方大厦,桥西区,2019-04-29 10:02:54,大专,4千-6千,不限,1,石家庄,教务督导 双休 五险一金,教育/培训/院校,10000人以上
石家庄童程童美培训学校有限公司,http://company.zhaopin.com/CZ818838730.htm,东方大厦11层,桥西区,2019-04-29 10:03:06,大专,4千-6千,不限,1,石家庄,教务督导 双休 五险一金,教育/培训/院校,10000人以上
石家庄童程童美培训学校有限公司,http://company.zhaopin.com/CZ818838730.htm,乐汇城,桥西区,2019-04-29 10:02:53,本科,4千-6千,不限,1,石家庄,上市外企 教务督导 双休 五险一金,教育/培训/院校,10000人以上
石家庄市长安区佳鑫诺培训学校,http://company.zhaopin.com/CZ349646010.htm,怀特聚星城,裕华区,2019-04-29 10:40:31,本科,6千-8千,不限,2,石家庄,体操教师,教育/培训/院校,100-499人
河北奇速网络科技有限公司,http://company.zhaopin.com/CZ399264530.htm,石家庄长安区建华大街与光华路交叉口百川大厦A座21楼,,2019-04-29 10:41:50,大专,8千-1万,1-3年,2,石家庄,sem竞价,互联网/电子商务,20-99人
河北奇速网络科技有限公司,http://company.zhaopin.com/CZ399264530.htm,石家庄长安区建华大街与光华路交叉口百川大厦A座21楼,,2019-04-29 10:42:01,大专,8千-1万,1-3年,1,石家庄,高薪诚聘SEM优化师,互联网/电子商务,20-99人
北京万古恒信科技有限公司,http://company.zhaopin.com/CZ661273420.htm,石家庄裕华区建华南大街与东岗路交叉口东行30米路南石门新天地C座4楼,,2019-04-29 13:29:12,大专,6千-8千,1-3年,10,石家庄,阿里健康药师、医师客服团队主管,"专业服务/咨询(财会/法律/人力资源等),外包服务",10000人以上
河北奇速网络科技有限公司,http://company.zhaopin.com/CZ399264530.htm,石家庄长安区建华大街与光华路交叉口百川大厦A座21楼,,2019-04-29 14:39:31,大专,8千-1万,1-3年,1,石家庄,百度/360/搜狗SEM,互联网/电子商务,20-99人
北京万古恒信科技有限公司,http://company.zhaopin.com/%E5%8C%97%E4%BA%AC%E4%B8%87%E5%8F%A4%E6%81%92%E4%BF%A1%E7%A7%91%E6%8A%80%E6%9C%89%E9%99%90%E5%85%AC%E5%8F%B8_CC206322616.htm,石家庄裕华区建华南大街与东岗路交叉口东行30米路南石门新天地C座4楼,裕华区,2019-04-29 12:03:31,大专,6千-8千,1-3年,10,石家庄,药师 医师团队主管,"交通/运输,其他,通信/电信运营、增值服务",100-499人
北京万古恒信科技有限公司,http://company.zhaopin.com/%E5%8C%97%E4%BA%AC%E4%B8%87%E5%8F%A4%E6%81%92%E4%BF%A1%E7%A7%91%E6%8A%80%E6%9C%89%E9%99%90%E5%85%AC%E5%8F%B8_CC206322616.htm,石家庄裕华区建华南大街与东岗路交叉口东行30米路南石门新天地C座4楼,裕华区,2019-04-29 12:03:31,大专,6千-8千,3-5年,5,石家庄,阿里健康药师、医师客服团队管理岗,"交通/运输,其他,通信/电信运营、增值服务",100-499人
北京万古恒信科技有限公司,http://company.zhaopin.com/%E5%8C%97%E4%BA%AC%E4%B8%87%E5%8F%A4%E6%81%92%E4%BF%A1%E7%A7%91%E6%8A%80%E6%9C%89%E9%99%90%E5%85%AC%E5%8F%B8_CC206322616.htm,石家庄裕华区建华南大街与东岗路交叉口东行30米路南石门新天地C座4楼,裕华区,2019-04-29 12:03:32,大专,6千-8千,1-3年,5,石家庄,药师 医师主管,"交通/运输,其他,通信/电信运营、增值服务",100-499人
河北常山生化药业股份有限公司,http://special.zhaopin.com/hb/2012/hbsh051893/index.html,河北省石家庄市正定新区银川大街北首,,2019-04-26 09:02:36,大专,4千-6千,3-5年,1,石家庄,电商运营专员,"医药/生物工程,医疗/护理/美容/保健/卫生服务,医疗设备/器械,贸易/进出口",1000-9999人
石家庄达内童程科技有限公司,http://company.zhaopin.com/CZ603360530.htm,河北省石家庄市新华区中山西路83号东方大厦写字楼11层,,2019-04-29 09:38:40,本科,6千-8千,1-3年,1,石家庄,班主任 教务 半销售 薪资6+,教育/培训/院校,10000人以上
河北常山生化药业股份有限公司,http://special.zhaopin.com/hb/2012/hbsh051893/index.html,石家庄,,2019-04-26 09:02:36,本科,1万-2万,5-10年,1,石家庄,医药行业市场总监,"医药/生物工程,医疗/护理/美容/保健/卫生服务,医疗设备/器械,贸易/进出口",1000-9999人
卡盟联众信息技术(北京)有限公司,http://company.zhaopin.com/CC604422420.htm,石家庄市裕华区槐安路与翟营大街交口东北角财库国际2705,,2019-04-28 15:32:48,不限,5千-8千,不限,2,石家庄,网络推广,"互联网/电子商务,汽车/摩托车,计算机软件,IT服务(系统/数据/维护)",100-499人
深圳万乘联合投资有限公司石家庄分公司,http://special.zhaopin.com/pagepublish/53733412/index.html,石家庄裕华区裕华路裕华区方北大厦,,2019-04-28 10:01:49,不限,6千-8千,不限,10,石家庄,电话催收话务员,基金/证券/期货/投资,500-999人
石家庄瑞诺网络科技有限公司,http://company.zhaopin.com/CZ226581410.htm,石家庄市新华区北二环与西三庄大街交口格澜商务大厦20层2006-2012室,,2019-04-24 10:30:45,不限,4千-6千,不限,1,石家庄,竞价推广专员/SEM,"互联网/电子商务,IT服务(系统/数据/维护)",100-499人
石家庄达内软件科技有限公司,http://special.zhaopin.com/pagepublish/46864202/index.html,中山华府,,2019-04-28 09:13:30,本科,6千-8千,1-3年,2,石家庄,大学辅导员 双休五险一金,"计算机软件,IT服务(系统/数据/维护),计算机硬件,互联网/电子商务",1000-9999人
石家庄君乐宝乳业有限公司,http://special.zhaopin.com/2016/sjz/sjzj030139,石家庄市石铜路36号,,2019-04-22 14:52:38,大专,3千-5千,1-3年,1,石家庄,供应员,"快速消费品（食品/饮料/烟酒/日化）,快速消费品（食品/饮料/烟酒/日化）",1000-9999人
石家庄艾猫科技有限公司,http://company.zhaopin.com/CZ845122480.htm,长安区广安大街36号银泰国际A座1804,,2019-04-26 14:20:03,大专,4千-8千,1-3年,1,石家庄,用户运营,"互联网/电子商务,专业服务/咨询(财会/法律/人力资源等)",20-99人
石家庄达内软件科技有限公司,http://special.zhaopin.com/pagepublish/46864202/index.html,一环就近分配,,2019-04-28 09:13:27,大专,2千-4千,1年以下,1,石家庄,行政助理月薪3500五险一金,"计算机软件,IT服务(系统/数据/维护),计算机硬件,互联网/电子商务",1000-9999人
保利爱家房地产经纪有限公司,http://special.zhaopin.com/2018/bh/11012/xcbl052931,裕华区保利拉菲公馆,,2019-04-29 09:23:45,大专,3千-4千,1-3年,2,石家庄,销售内勤（门店秘书）,"房地产/建筑/建材/工程,中介服务,租赁服务,互联网/电子商务",500-999人
石家庄达内软件科技有限公司,http://special.zhaopin.com/pagepublish/46864202/index.html,河北省石家庄市乐汇城附近,,2019-04-28 10:17:51,本科,6千-8千,1-3年,5,石家庄,教育-大学辅导员-底薪4k+五险一金+双休,"计算机软件,IT服务(系统/数据/维护),计算机硬件,互联网/电子商务",1000-9999人
汇生卓远管理咨询(北京)有限公司河北分公司,http://company.zhaopin.com/CZ846525090.htm,裕华区金源商务广场B座601,,2019-04-28 08:58:46,本科,8千-1万,1-3年,3,石家庄,Junior Consultant（初级投资咨询顾问）,专业服务/咨询(财会/法律/人力资源等),100-499人
河北至诚速捷商贸有限公司,http://special.zhaopin.com/pagepublish/27898488/index.html,河北省石家庄市长安区体育大街与谈南路交叉口睿和中心,长安区,2019-04-29 09:17:19,大专,2千-4千,1-3年,1,石家庄,质检监听员（五险一金+双休3500）,贸易/进出口,100-499人
卡盟联众信息技术(北京)有限公司,http://company.zhaopin.com/CC604422420.htm,石家庄市裕华区槐安路与翟营大街交口东北角财库国际2705,,2019-04-28 15:32:48,不限,6千-8千,1年以下,3,石家庄,竞价专员,"互联网/电子商务,汽车/摩托车,计算机软件,IT服务(系统/数据/维护)",100-499人
卡盟联众信息技术(北京)有限公司,http://company.zhaopin.com/CC604422420.htm,石家庄市裕华区槐安路与翟营大街交口东北角财库国际2705,裕华区,2019-04-24 10:33:57,不限,6千-8千,不限,2,石家庄,SEM百度竞价,"互联网/电子商务,汽车/摩托车,计算机软件,IT服务(系统/数据/维护)",100-499人
石家庄大尊网络科技有限公司桥西分公司,http://company.zhaopin.com/CZ844342140.htm,中山路梧桐商务,,2019-04-21 22:18:24,大专,3千-6千,不限,5,石家庄,天猫，淘宝运营推广实习助理（双休）,"其他,其他",100-499人
石家庄君乐宝乳业有限公司,http://special.zhaopin.com/2016/sjz/sjzj030139,石家庄市鹿泉区碧水街2号,,2019-04-29 08:32:04,大专,3千-4千,1-3年,1,石家庄,推广专员,"快速消费品（食品/饮料/烟酒/日化）,快速消费品（食品/饮料/烟酒/日化）",1000-9999人
石家庄大尊网络科技有限公司桥西分公司,http://company.zhaopin.com/CZ844342140.htm,中山路梧桐商务,,2019-04-21 21:08:12,大专,4千-6千,不限,5,石家庄,淘宝运营推广助理 ，天猫店长实习 （双休）,"其他,其他",100-499人
石家庄大尊网络科技有限公司,http://special.zhaopin.com/pagepublish/26895583/index.html,桥西区中山西路梧桐商务16层,,2019-04-24 14:55:41,大专,5千-1万,不限,6,石家庄,淘宝京东天猫运营推广助理,互联网/电子商务,100-499人
卡盟联众信息技术(北京)有限公司,http://company.zhaopin.com/CC604422420.htm,石家庄市裕华区槐安路与翟营大街交口东北角财库国际2705,,2019-04-28 15:32:48,不限,6千-8千,1年以下,3,石家庄,SEM竞价专员,"互联网/电子商务,汽车/摩托车,计算机软件,IT服务(系统/数据/维护)",100-499人
宸宇建设集团有限公司河北分公司,http://company.zhaopin.com/CZ627656430.htm,平安公园,,2019-04-25 08:42:55,本科,1万-1.5万,1-3年,1,石家庄,环保售前技术工程师,"房地产/建筑/建材/工程,能源|矿产|环保",500-999人
北京天融信科技有限公司,http://company.zhaopin.com/P7/CC0003/2756/CC000327562.htm,新华区中华北大街中储广场A座1601室,,2019-04-28 13:54:51,不限,8千-1万,不限,1,石家庄,安全研究员(J10486),"计算机硬件,IT服务(系统/数据/维护),通信/电信/网络设备",1000-9999人
保利爱家房地产经纪有限公司,http://special.zhaopin.com/2018/bh/11012/xcbl052931,长安区勒泰写字楼A座2304,,2019-04-29 09:23:45,大专,3千-4千,1-3年,2,石家庄,秘书岗,"房地产/建筑/建材/工程,中介服务,租赁服务,互联网/电子商务",500-999人
石家庄达内软件科技有限公司,http://special.zhaopin.com/pagepublish/46864202/index.html,河北省石家庄一环就近分配,,2019-04-28 10:15:50,本科,4千-6千,无经验,3,石家庄,上市集团  行政助理  五险一金,"计算机软件,IT服务(系统/数据/维护),计算机硬件,互联网/电子商务",1000-9999人
卡盟联众信息技术(北京)有限公司,http://company.zhaopin.com/CC604422420.htm,石家庄市裕华区槐安路与翟营大街交口东北角财库国际2705,裕华区,2019-04-24 10:34:18,不限,6千-8千,不限,2,石家庄,实施顾问,"互联网/电子商务,汽车/摩托车,计算机软件,IT服务(系统/数据/维护)",100-499人
千微(杭州)科技有限公司石家庄分公司,http://company.zhaopin.com/CC347488437.htm,万象城华润大厦A座,,2019-04-26 19:05:44,不限,3千-4千,不限,1,石家庄,助理,信托/担保/拍卖/典当,10000人以上
北京东兴堂健康科技发展有限公司,http://company.zhaopin.com/CZ525941930D00300084421.htm,石家庄市长安区建华北大街与丰收路交口奥北公元三区4栋-2701,长安区,2019-04-26 11:16:17,大专,7.2千-1.4万,5-10年,1,石家庄,省区经理/销售经理（河北省）,医药/生物工程,100-499人
石家庄市长安区佳鑫诺培训学校,http://company.zhaopin.com/CZ349646010.htm,石家庄市裕华区金领大厦,裕华区,2019-04-29 10:40:30,大专,1.5万-2万,3-5年,1,石家庄,网络经理,教育/培训/院校,100-499人
石家庄以岭药业股份有限公司,http://special.zhaopin.com/sjz/11146/ylyy022678,石家庄东开发区天山大街238号,,2019-04-23 16:04:28,本科,8千-1.5万,3-5年,1,石家庄,绩效经理(002425),"医药/生物工程,互联网/电子商务,快速消费品（食品/饮料/烟酒/日化）,医疗/护理/美容/保健/卫生服务",1000-9999人
北京天融信科技有限公司,http://company.zhaopin.com/P7/CC0003/2756/CC000327562.htm,新华区中华北大街中储广场A座1601室,,2019-04-28 13:54:51,大专,8千-1万,1-3年,1,石家庄,安全服务工程师(J10485),"计算机硬件,IT服务(系统/数据/维护),通信/电信/网络设备",1000-9999人
新航道国际教育集团,http://company.zhaopin.com/CZ134022110.htm,石家庄市长安区建设北大街26-1长安花苑底商,长安区,2019-04-28 08:39:22,本科,6千-8千,不限,6,石家庄,课程顾问,教育/培训/院校,10000人以上
天山房地产开发集团有限公司,http://special.zhaopin.com/sjz/2010/tsfc110223/,石家庄东开发区长江大道与泰山街交口东南角长江道壹号B座4楼（天山科技园区）,东开发区,2019-04-29 15:03:56,大专,4千-6千,1-3年,1,石家庄,天山物业社区APP后台管理,房地产/建筑/建材/工程,10000人以上
金木集团有限公司,http://special.zhaopin.com/pagepublish/38065011/index.html,石家庄,,2019-04-28 09:25:04,大专,3千-5千,1-3年,1,石家庄,电商运营专员,医疗/护理/美容/保健/卫生服务,100-499人
石家庄市浩谦培训学校,http://special.zhaopin.com/2018/sjz/11057/sjzs041246,石家庄市新石中路70-2号（总校地址）,,2019-04-28 10:17:56,大专,6千-8千,不限,3,石家庄,新媒体编辑,教育/培训/院校,500-999人
上海谨拍电子商务有限公司,http://company.zhaopin.com/CZ300125230.htm,和平西路666号-科融商业综合大厦 天天拍车门店,新华区,2019-04-29 10:49:59,大专,1万-1.5万,5-10年,1,石家庄,城市经理,"互联网/电子商务,汽车/摩托车",500-999人
青岛越秀地产开发有限公司,http://company.zhaopin.com/CC353498713.htm,石家庄市,,2019-04-28 08:58:51,本科,2万-3万,3-5年,5,石家庄,投资拓展经理,房地产/建筑/建材/工程,10000人以上
北京雍禾医疗投资管理有限公司,http://company.zhaopin.com/CZ343632030.htm,中华南大街210号启程大厦3-4层,桥西区,2019-04-26 15:58:07,大专,6千-8千,1-3年,2,石家庄,信息流推广（6-8K+五险一金）,医疗/护理/美容/保健/卫生服务,1000-9999人
新航道国际教育集团,http://company.zhaopin.com/CZ134022110.htm,石家庄市长安区建设北大街26-1长安花苑底商新航道英语学校,,2019-04-23 09:05:31,本科,4千-6千,1-3年,1,石家庄,运营专员,教育/培训/院校,10000人以上
宸宇建设集团有限公司河北分公司,http://company.zhaopin.com/CZ627656430.htm,平安公园,,2019-04-25 08:42:55,大专,1万-1.5万,1-3年,1,石家庄,项目经理(大气环境监测）,"房地产/建筑/建材/工程,能源|矿产|环保",500-999人
北京万古恒信科技有限公司,http://company.zhaopin.com/%E5%8C%97%E4%BA%AC%E4%B8%87%E5%8F%A4%E6%81%92%E4%BF%A1%E7%A7%91%E6%8A%80%E6%9C%89%E9%99%90%E5%85%AC%E5%8F%B8_CC206322616.htm,石家庄、北京,裕华区,2019-04-29 12:02:39,本科,6千-8千,1-3年,5,石家庄,薪酬专员,"交通/运输,其他,通信/电信运营、增值服务",100-499人
神威药业集团有限公司,http://special.zhaopin.com/sjz/2012/shineway011374/index.htm,中华南大街323号,桥西区,2019-04-22 11:53:04,大专,1万-1.5万,5-10年,1,石家庄,汇康市场部经理,医药/生物工程,1000-9999人
石家庄市桥西区东风春辉培训学校,http://special.zhaopin.com/2018/sjz/11273/sjzs080946,中山西路维明大街交口东北角暗红色多层楼南楼3层,桥西区,2019-04-25 17:38:20,大专,4千-6千,3-5年,1,石家庄,竞价专员,教育/培训/院校,100-499人
石家庄童程童美培训学校有限公司,http://company.zhaopin.com/CZ818838730.htm,中山公馆A座8层,,2019-04-28 14:01:08,大专,4千-6千,不限,1,石家庄,教务督导 双休 五险一金,教育/培训/院校,10000人以上
江西飞尚科技有限公司,http://company.zhaopin.com/CZ225831320.htm,个人意向省份,,2019-04-29 14:42:43,不限,1万-1.5万,不限,30,石家庄,销售工程师（底薪5k，年薪不低于15万）,"电子技术/半导体/集成电路,仪器仪表及工业自动化,IT服务(系统/数据/维护),房地产/建筑/建材/工程",100-499人
河北呵玛装饰工程有限公司,http://company.zhaopin.com/CZ822095550.htm,石家庄桥西区塔坛国际8号写字楼1210,,2019-04-29 13:42:48,不限,3千-5千,不限,3,石家庄,3000+诚聘订单员,"家居/室内设计/装饰装潢,家居/室内设计/装饰装潢,耐用消费品（服饰/纺织/皮革/家具/家电）,互联网/电子商务",20-99人
河北道尔门窗科技有限公司,http://company.zhaopin.com/CZ813994520.htm,鹿泉区上庄镇京赞公路上庄大街199号,,2019-04-25 15:55:10,大专,4千-6千,3-5年,1,石家庄,总账会计,"加工制造（原料加工/模具）,加工制造（原料加工/模具）",100-499人
河北腾凯控股集团有限公司,http://special.zhaopin.com/pagepublish/26111478/index.html,裕华区谈固南大街东岗路北行100米路东，腾凯商务5楼,新华区,2019-04-22 17:25:21,大专,2千-4千,1-3年,1,石家庄,话务员,"基金/证券/期货/投资,房地产/建筑/建材/工程,酒店/餐饮,跨领域经营",100-499人
石家庄大尊网络科技有限公司,http://special.zhaopin.com/2018/sjz/11104/sjzd092046/,桥西区中山西路梧桐商务16楼,,2019-04-25 13:51:40,大专,4千-6千,不限,5,石家庄,淘宝运营推广助理专员 天猫店长实习生 ,"互联网/电子商务,IT服务(系统/数据/维护)",100-499人
北京奈雪餐饮管理有限公司,http://company.zhaopin.com/CZ609422180.htm,万象城,,2019-04-26 17:27:17,不限,5千-8千,不限,1,石家庄,奈雪的茶管理组（石家庄）,酒店/餐饮,1000-9999人
石家庄新东方学校,http://company.zhaopin.com/CZ392127020.htm,石家庄市槐安路建华大街交叉口万达广场写字楼C座24层,,2019-04-23 17:00:10,本科,4千-8千,3-5年,1,石家庄,人力资源部招聘经理,教育/培训/院校,100-499人
石家庄艾猫科技有限公司,http://company.zhaopin.com/CZ845122480.htm,长安区广安大街36号银泰国际A座1804,,2019-04-28 09:16:47,本科,2千-4千,不限,1,石家庄,管培生--市场营销方向,"互联网/电子商务,专业服务/咨询(财会/法律/人力资源等)",20-99人
河北呵玛装饰工程有限公司,http://company.zhaopin.com/CZ822095550.htm,石家庄桥西区塔坛国际8号写字楼1212,,2019-04-29 13:44:41,大专,3千-5千,1-3年,2,石家庄,5000+诚聘培训经理,"家居/室内设计/装饰装潢,家居/室内设计/装饰装潢,耐用消费品（服饰/纺织/皮革/家具/家电）,互联网/电子商务",20-99人
江西飞尚科技有限公司,http://company.zhaopin.com/CZ225831320.htm,南昌小兰经济开发区玉湖路398号,,2019-04-25 09:39:56,大专,4千-6千,不限,3,石家庄,销售经理（底薪5k+提成+项目利润分成）,"电子技术/半导体/集成电路,仪器仪表及工业自动化,IT服务(系统/数据/维护),房地产/建筑/建材/工程",100-499人
河北空元健康管理咨询有限公司,http://company.zhaopin.com/CZ528612180.htm,河北省石家庄市新华区新华路华海环球24层,,2019-04-28 19:21:35,大专,3.5千-4.5千,1-3年,1,石家庄,新媒体运营,"医疗/护理/美容/保健/卫生服务,医疗设备/器械,零售/批发,跨领域经营",100-499人
深圳市前海鑫屹资产管理有限公司,http://company.zhaopin.com/CZ560880380.htm,天山大街109号,,2019-04-28 17:49:53,本科,4千-8千,1-3年,3,石家庄,融资专员,基金/证券/期货/投资,100-499人
石家庄罗尼网络科技有限公司,http://company.zhaopin.com/CZ636635530.htm,桥西区休门街3号滨江优谷大厦1806,,2019-04-23 20:29:59,不限,3千-6千,不限,2,石家庄,电商客服,"互联网/电子商务,互联网/电子商务,网络游戏,IT服务(系统/数据/维护)",20-99人
石家庄君乐宝乳业有限公司,http://special.zhaopin.com/2016/sjz/sjzj030139,石铜路36号君乐宝乳业集团,鹿泉区,2019-04-29 10:33:55,不限,2千-4千,1-3年,1,石家庄,招聘专员,"快速消费品（食品/饮料/烟酒/日化）,快速消费品（食品/饮料/烟酒/日化）",1000-9999人
江西飞尚科技有限公司,http://company.zhaopin.com/CZ225831320.htm,石家庄,,2019-04-28 16:17:01,大专,8千-1万,不限,5,石家庄,销售经理,"电子技术/半导体/集成电路,仪器仪表及工业自动化,IT服务(系统/数据/维护),房地产/建筑/建材/工程",100-499人
上海美特斯邦威服饰股份有限公司,http://special.zhaopin.com/sh/2011/mtsbw071274/index.htm,石家庄桥西区中山西路121号,,2019-04-28 16:01:15,大专,3千-5千,1-3年,1,石家庄,商品专员,"耐用消费品（服饰/纺织/皮革/家具/家电）,零售/批发,互联网/电子商务,其他",1000-9999人
河北呵玛装饰工程有限公司,http://company.zhaopin.com/CZ822095550.htm,石家庄桥西区塔坛国际8号写字楼1210,,2019-04-23 13:58:03,大专,4千-6千,不限,1,石家庄,企划文案,"家居/室内设计/装饰装潢,家居/室内设计/装饰装潢,耐用消费品（服饰/纺织/皮革/家具/家电）,互联网/电子商务",20-99人
北京薪享宏福教育咨询有限公司,http://company.zhaopin.com/CZ819930900.htm,北京市昌平区北七家镇温度水城火炬广场北街1号西侧4层,,2019-04-29 10:04:29,大专,4千-6千,不限,1,石家庄,人事专员,教育/培训/院校,100-499人
石家庄以岭药业股份有限公司,http://special.zhaopin.com/sjz/11146/ylyy022678,石家庄市东开发区天山大街238号,,2019-04-24 11:32:36,本科,6千-1.2万,3-5年,1,石家庄,内容运营经理2698,"医药/生物工程,互联网/电子商务,快速消费品（食品/饮料/烟酒/日化）,医疗/护理/美容/保健/卫生服务",1000-9999人
上海维音信息技术股份有限公司邯郸分公司,http://company.zhaopin.com/CZ598647630.htm,邯郸,,2019-04-28 09:22:22,大专,5千-7千,1-3年,4,石家庄,呼叫中心客服主管,外包服务,500-999人
河北先河环保科技股份有限公司,http://special.zhaopin.com/2018/sh/hbxh011599w/,石家庄市高新区湘江大道251号,,2019-04-28 22:18:03,本科,5千-1万,不限,1,石家庄,算法工程师,"仪器仪表及工业自动化,环保,电子技术/半导体/集成电路",500-999人
石家庄君乐宝乳业有限公司,http://special.zhaopin.com/2016/sjz/sjzj030139,石家庄市鹿泉市石铜路36号,,2019-04-29 10:33:55,本科,4千-4.5千,1-3年,1,石家庄,招聘专员,"快速消费品（食品/饮料/烟酒/日化）,快速消费品（食品/饮料/烟酒/日化）",1000-9999人
河北秦川文体乐器有限公司,http://special.zhaopin.com/2017/sjz/11217/hbqc042182,建设北大街38号,,2019-04-20 14:11:04,大专,2千-4千,1-3年,1,石家庄,采购专员,"教育/培训/院校,教育/培训/院校,媒体/出版/影视/文化传播",100-499人
石家庄罗尼网络科技有限公司,http://company.zhaopin.com/CZ636635530.htm,桥西区休门街3号滨江优谷大厦1806,,2019-04-23 20:35:46,不限,4千-8千,不限,2,石家庄,电商运营,"互联网/电子商务,互联网/电子商务,网络游戏,IT服务(系统/数据/维护)",20-99人
北京倍舒特科技发展有限公司,http://company.zhaopin.com/P2/CC2094/6521/CC209465216.htm,长安区中山东路466号，新世纪钻石广场A座21层2120,长安区,2019-04-20 08:38:57,大专,3.5千-5千,1-3年,1,石家庄,销售助理,"快速消费品（食品/饮料/烟酒/日化）,耐用消费品（服饰/纺织/皮革/家具/家电）,零售/批发,医药/生物工程",500-999人
河北呵玛装饰工程有限公司,http://company.zhaopin.com/CZ822095550.htm,石家庄桥西区塔坛商贸城8号写字楼1210,,2019-04-23 13:58:03,大专,5千-8千,1-3年,3,石家庄,5000+CAD设计师,"家居/室内设计/装饰装潢,家居/室内设计/装饰装潢,耐用消费品（服饰/纺织/皮革/家具/家电）,互联网/电子商务",20-99人
河北盛邦房地产开发有限公司,http://special.zhaopin.com/sjz/2013/hbsb102466/,面试请到裕华区龙腾路56号盛邦花园二区客服中心二楼行政部,,2019-04-23 10:46:34,大专,6千-8千,3-5年,1,石家庄,平台运营经理,"房地产/建筑/建材/工程,教育/培训/院校,互联网/电子商务,物业管理/商业中心",1000-9999人
中国勒泰商业地产集团,http://company.zhaopin.com/CZ579581520.htm,长安区中山东路39号勒泰B座写字楼8楼,,2019-04-26 10:04:26,本科,4千-6千,3-5年,1,石家庄,商管事业部运营主管,"房地产/建筑/建材/工程,物业管理/商业中心",1000-9999人
厦门雅瑞光学有限公司,http://company.zhaopin.com/CZ358167910.htm,桥西区中山西路18号中振广场北侧1号商铺,,2019-04-22 19:12:04,大专,2千-4千,1-3年,1,石家庄,销售助理-石家庄,"零售/批发,加工制造（原料加工/模具）",1000-9999人
石家庄君乐宝乳业有限公司,http://special.zhaopin.com/2016/sjz/sjzj030139,鹿泉区石铜路36号,,2019-04-29 10:34:06,本科,2万-3万,5-10年,1,石家庄,质量总监,"快速消费品（食品/饮料/烟酒/日化）,快速消费品（食品/饮料/烟酒/日化）",1000-9999人
郑州思念食品有限公司,http://special.zhaopin.com/zz/2013/11087/slsp110459,石家庄市经济技术开发区珠峰大街天山水榭花都小区40楼,,2019-04-28 08:51:48,大专,4千-6千,1-3年,1,石家庄,营管专员（物流专员）,"快速消费品（食品/饮料/烟酒/日化）,房地产/建筑/建材/工程,跨领域经营,其他",10000人以上
河北壹早壹碗餐饮管理有限公司,http://company.zhaopin.com/CZ433974280.htm,河北壹早壹碗餐饮管理有限公司,,2019-04-24 17:11:03,大专,2千-4千,1-3年,1,石家庄,运营经理助理,酒店/餐饮,100-499人
瑞保文化传媒有限公司,http://company.zhaopin.com/CZ449214880.htm,石家庄市长安区和平路建和园,长安区,2019-04-25 15:34:54,大专,2千-4千,不限,2,石家庄,人事专员+双休,"互联网/电子商务,快速消费品（食品/饮料/烟酒/日化）,互联网/电子商务,耐用消费品（服饰/纺织/皮革/家具/家电）",20人以下
石家庄君乐宝乳业有限公司,http://special.zhaopin.com/2016/sjz/sjzj030139,石家庄君乐宝乳业有限公司,鹿泉区,2019-04-29 10:34:08,硕士,3.5千-4.5千,1年以下,2,石家庄,采购专员,"快速消费品（食品/饮料/烟酒/日化）,快速消费品（食品/饮料/烟酒/日化）",1000-9999人
太平人寿保险有限公司河北分公司,http://company.zhaopin.com/CZ214137110.htm,石家庄市桥西区自强路127-B号省招大厦15-16层,,2019-04-24 18:28:03,本科,4千-6千,不限,999,石家庄,保费部-人员管理岗,保险,1000-9999人
皆柏贸易(杭州)有限公司,http://company.zhaopin.com/CZ204352010.htm,石家庄市桥西区中山西路108号,,2019-04-24 10:19:31,中专,5千-1万,不限,16,石家庄,导购、店长 石家庄,"贸易/进出口,耐用消费品（服饰/纺织/皮革/家具/家电）,零售/批发",1000-9999人
河北顺诺商贸有限公司,http://company.zhaopin.com/CZ595012020.htm,怀特商业广场D座13层,裕华区,2019-04-24 09:17:41,大专,3千-4千,1年以下,1,石家庄,物流统计文员,"快速消费品（食品/饮料/烟酒/日化）,广告/会展/公关",100-499人
华北碧水源水务有限公司,http://company.zhaopin.com/CC317831389.htm,滨江金界,桥西区,2019-04-26 19:22:01,大专,3千-4千,3-5年,5,石家庄,投标专员,环保,20-99人
河北速恒贸易有限公司,http://company.zhaopin.com/CZ332612580.htm,河北省石家庄市裕华区,裕华区,2019-04-29 08:42:29,不限,1万-1.5万,不限,1,石家庄,网店运营,"互联网/电子商务,耐用消费品（服饰/纺织/皮革/家具/家电）,零售/批发,酒店/餐饮",20-99人
青岛越秀地产开发有限公司,http://company.zhaopin.com/CC353498713.htm,石家庄,,2019-04-28 08:58:51,本科,2万-3万,3-5年,1,石家庄,投资拓展经理,房地产/建筑/建材/工程,10000人以上
石家庄罗尼网络科技有限公司,http://company.zhaopin.com/CZ636635530.htm,桥西区休门街3号滨江优谷大厦1806,,2019-04-23 20:32:16,不限,4千-8千,不限,2,石家庄,亚马逊海外电商运营,"互联网/电子商务,互联网/电子商务,网络游戏,IT服务(系统/数据/维护)",20-99人
石家庄新东方学校,http://company.zhaopin.com/CZ392127020.htm,石家庄市槐安路建华大街交叉口万达广场写字楼C座24层,,2019-04-23 16:58:47,本科,3千-6千,不限,1,石家庄,人力资源部招聘专员,教育/培训/院校,100-499人
河北万方中天科技有限公司,http://special.zhaopin.com/sjz/2013/11172/ztkj061863,石家庄广安街36号时代方舟B座21层,,2019-04-25 17:27:08,大专,5千-1万,3-5年,4,石家庄,Java开发工程师（中高级）,"IT服务(系统/数据/维护),计算机软件,计算机硬件",100-499人
博宇科技股份有限公司,http://special.zhaopin.com/pagepublish/31295688/index.html,石家庄市高新区兴安大街222号方亿科技工业园B区7号楼4层,东开发区,2019-04-28 10:51:05,本科,4千-6千,1-3年,2,石家庄,会计,"计算机软件,计算机硬件,互联网/电子商务,IT服务(系统/数据/维护)",100-499人
南京乐宠乐家生物制药有限公司,http://company.zhaopin.com/CC372422687.htm,裕华区槐北路,裕华区,2019-04-22 11:02:03,本科,1万-2万,1-3年,1,石家庄,省区销售经理,医药/生物工程,20-99人
石家庄兴涛电子科技有限公司,http://company.zhaopin.com/CZ514374980.htm,石家庄桥西区南小街金裕商务402,,2019-04-26 17:51:06,不限,3千-5千,不限,3,石家庄,售后维护,"快速消费品（食品/饮料/烟酒/日化）,互联网/电子商务,耐用消费品（服饰/纺织/皮革/家具/家电）",100-499人
河北旭尊实业集团有限公司石家庄第一分公司,http://company.zhaopin.com/CC453479588.htm,长安区东大街5号开元金融中心7楼,,2019-04-22 11:11:04,大专,8千-1万,1-3年,2,石家庄,团队经理8700起,基金/证券/期货/投资,100-499人
石家庄百乾教育科技有限公司,http://company.zhaopin.com/CZ836645670.htm,中华大街裕华路交口海悦天地三楼,,2019-04-22 09:44:18,大专,4千-6千,1-3年,1,石家庄,国际早教中心市场经理,教育/培训/院校,20-99人
江苏实朴检测服务有限公司,http://company.zhaopin.com/CC379923731.htm,石家庄市高新区方亿科技园C区2号楼3层,东开发区,2019-04-26 11:09:14,本科,6千-8千,不限,1,石家庄,市场专员,"检验/检测/认证,环保,石油/石化/化工,学术/科研",100-499人
石家庄喜悦商贸有限公司,http://company.zhaopin.com/CZ378234410.htm,石家庄市桥西区槐安路城角街交口西城国际B座21楼,,2019-04-27 09:01:52,本科,1万-1.2万,5-10年,1,石家庄,人力资源总监,"耐用消费品（服饰/纺织/皮革/家具/家电）,互联网/电子商务,零售/批发",20-99人
郑州思念食品有限公司,http://special.zhaopin.com/zz/2013/11087/slsp110459,寺家庄镇雨润农产品全球采购市场冷库西区,裕华区,2019-04-28 08:51:47,大专,4千-6千,1-3年,1,石家庄,物流分仓管理主管,"快速消费品（食品/饮料/烟酒/日化）,房地产/建筑/建材/工程,跨领域经营,其他",10000人以上
石家庄君乐宝乳业有限公司,http://special.zhaopin.com/2016/sjz/sjzj030139,石铜路36号君乐宝乳业集团,鹿泉区,2019-04-29 10:33:55,硕士,4千-6千,3-5年,2,石家庄,战略专员,"快速消费品（食品/饮料/烟酒/日化）,快速消费品（食品/饮料/烟酒/日化）",1000-9999人
石家庄君乐宝乳业有限公司,http://special.zhaopin.com/2016/sjz/sjzj030139,鹿泉,,2019-04-29 10:34:09,本科,4千-6千,不限,10,石家庄,化验工程师,"快速消费品（食品/饮料/烟酒/日化）,快速消费品（食品/饮料/烟酒/日化）",1000-9999人
上海慧住信息科技有限公司,http://company.zhaopin.com/CZ844880780.htm,石家庄市新华区民族路77号华强广场东区5层华强国际双创中心,新华区,2019-04-23 20:34:59,大专,6千-1万,3-5年,1,石家庄,酒店店长-石家庄,"酒店/餐饮,IT|通信|电子|互联网",100-499人
上海慧住信息科技有限公司,http://company.zhaopin.com/CZ844880780.htm,石家庄市新华区民族路77号华强广场东区5层华强国际双创中心,,2019-04-25 13:06:35,大专,8千-1万,3-5年,40,石家庄,酒店店长/运营经理/酒店总经理,"酒店/餐饮,IT|通信|电子|互联网",100-499人
石家庄慧德源科技有限公司,http://company.zhaopin.com/CZ635873730.htm,石家庄,,2019-04-23 21:49:38,大专,8千-1万,不限,15,石家庄,电话销售+底薪8K+包住宿+课程顾问,"互联网/电子商务,IT服务(系统/数据/维护)",100-499人
龙游吴晗商贸有限公司,http://company.zhaopin.com/CZ863982350.htm,桥西区,桥西区,2019-04-26 12:58:38,中专,4千-6千,不限,1,石家庄,行政/前台,贸易/进出口,20-99人
石家庄厚德房地产开发有限公司,http://special.zhaopin.com/pagepublish/29648688/index.html,河北省石家庄市鹿泉区获鹿镇北斗东路8号,,2019-04-25 19:28:26,大专,3千-4千,1-3年,1,石家庄,销售秘书,房地产/建筑/建材/工程,100-499人
石家庄蜗牛企业管理咨询有限公司,http://company.zhaopin.com/CZ426686680.htm,新华区市庄路与九中街交口江西大厦4076室,,2019-04-24 15:41:40,大专,3千-5千,1-3年,5,石家庄,网络运维,互联网/电子商务,100-499人
石家庄新东方学校,http://company.zhaopin.com/CZ120002360D00100003873.htm,石家庄市槐安路建华大街交叉口万达广场写字楼C座24层,,2019-04-23 16:33:24,本科,3千-6千,不限,1,石家庄,人力资源部招聘专员,教育/培训/院校,100-499人
河北速恒贸易有限公司,http://company.zhaopin.com/CZ332612580.htm,河北省石家庄市裕华区润丰五金城综合办公楼,裕华区,2019-04-29 08:42:32,大专,4千-6千,1-3年,2,石家庄,天猫电商运营主管,"互联网/电子商务,耐用消费品（服饰/纺织/皮革/家具/家电）,零售/批发,酒店/餐饮",20-99人
河北先河环保科技股份有限公司,http://special.zhaopin.com/2018/sh/hbxh011599w/,河北省石家庄市开发区湘江道251号,,2019-04-22 09:42:51,本科,4千-6千,不限,6,石家庄,现场巡查工程师（全国出差）,"仪器仪表及工业自动化,环保,电子技术/半导体/集成电路",500-999人
石家庄九创友趣信息科技有限公司,http://company.zhaopin.com/CZ810010850.htm,新华区中华北大街27号鑫明商务楼2003-2002,新华区,2019-04-29 09:19:05,大专,3千-5千,不限,2,石家庄,总经理助理 无经验要求 包住 3.5k+,"通信/电信运营、增值服务,通信/电信/网络设备,互联网/电子商务,贸易/进出口",20-99人
衢州斑马网络科技有限公司,http://company.zhaopin.com/CZ457656780.htm,高新区,裕华区,2019-04-25 16:19:08,大专,4千-6千,不限,2,石家庄,财务专员【待遇优厚】,,全部
石家庄苏梵电子商务有限公司,http://company.zhaopin.com/CZ830909050.htm,裕华区翟营大街与东岗路交口春天广场5楼,,2019-04-24 10:54:26,大专,4千-6千,1-3年,5,石家庄,新媒体运营1,"互联网/电子商务,汽车/摩托车",500-999人
香港赛瑞集团医药有限公司,http://company.zhaopin.com/CZ641869730.htm,新华区华强广场,,2019-04-25 11:38:28,中专,1万-1.5万,不限,6,石家庄,会计、税审、财务主管、经理。,"医药/生物工程,医疗/护理/美容/保健/卫生服务",10000人以上
石家庄融尚科技有限公司,http://company.zhaopin.com/CZ381216510.htm,裕华区槐安路与富强大街西南角北大科技园17层,,2019-04-27 19:03:27,本科,5千-1万,3-5年,3,石家庄,数据库开发工程师,"互联网/电子商务,计算机软件,IT服务(系统/数据/维护),IT|通信|电子|互联网",100-499人
河北荒原教育科技有限公司,http://company.zhaopin.com/CZ825602180.htm,石家庄 石家庄新华区中华北大街颐宏大厦A座1102,,2019-04-28 15:03:51,本科,1万-1.5万,3-5年,2,石家庄,运营总监,"教育/培训/院校,学术/科研",20-99人
上海钫枫机电技术有限公司,http://company.zhaopin.com/CZ834126950.htm,石家庄,,2019-04-24 19:01:04,大专,8千-1万,1-3年,5,石家庄,酒店店长,仪器仪表及工业自动化,500-999人
河北速恒贸易有限公司,http://company.zhaopin.com/CZ332612580.htm,河北省石家庄市裕华区润丰五金城,裕华区,2019-04-29 08:42:28,大专,4千-8千,1-3年,1,石家庄,社交电商渠道运营,"互联网/电子商务,耐用消费品（服饰/纺织/皮革/家具/家电）,零售/批发,酒店/餐饮",20-99人
衢州斑马网络科技有限公司,http://company.zhaopin.com/CZ457656780.htm,桥西区,桥西区,2019-04-25 16:18:53,大专,4千-6千,不限,2,石家庄,财务助理【周末双休】,,全部
河北旭尊实业集团有限公司石家庄第三分公司,http://company.zhaopin.com/CZ817344580.htm,长安区东大街5号开元金融中心（希尔顿）7楼,,2019-04-29 10:19:33,大专,8千-1.2万,5-10年,2,石家庄,团队经理8700起,汽车/摩托车,100-499人
河北旭尊实业集团有限公司石家庄第一分公司,http://company.zhaopin.com/CC453479588.htm,鹿诚商务,,2019-04-23 13:43:37,不限,8千-1万,3-5年,3,石家庄,团队经理8700起,基金/证券/期货/投资,100-499人
河北速恒贸易有限公司,http://company.zhaopin.com/CZ332612580.htm,河北省石家庄市裕华区南二环建设大街交叉口润丰五金城综合办公楼,裕华区,2019-04-29 08:42:29,不限,1万-1.5万,不限,1,石家庄,天猫电商运营主管,"互联网/电子商务,耐用消费品（服饰/纺织/皮革/家具/家电）,零售/批发,酒店/餐饮",20-99人
河北浣之科技有限公司,http://company.zhaopin.com/CZ601790080.htm,黄河大道与祁连街交叉口慧谷大厦B座16层,东开发区,2019-04-22 15:51:42,不限,6千-8千,无经验,5,石家庄,市场专员,互联网/电子商务,100-499人
河北速恒贸易有限公司,http://company.zhaopin.com/CZ332612580.htm,河北省石家庄建设南大街润丰五金城办公区,,2019-04-29 08:42:30,大专,4千-6千,1-3年,1,石家庄,商品主管,"互联网/电子商务,耐用消费品（服饰/纺织/皮革/家具/家电）,零售/批发,酒店/餐饮",20-99人
北京元气森林饮料有限公司,http://company.zhaopin.com/CZ812921020.htm,石家庄,,2019-04-29 09:51:57,大专,8千-1万,3-5年,4,石家庄,销售经理（乳品）,"快速消费品（食品/饮料/烟酒/日化）,互联网/电子商务",100-499人
石家庄华枝叶满商贸有限公司,http://company.zhaopin.com/CZ580864580.htm,桥西区中山西路梧桐商务16楼,,2019-04-23 14:12:47,大专,6千-8千,不限,5,石家庄,淘宝，天猫运营推广助理专员  （双休）,"其他,其他",100-499人
河北神玥软件科技股份有限公司,http://special.zhaopin.com/pagepublish/57070172/index.html,鹿泉经济开发区御园路39号,,2019-04-28 17:02:03,本科,4千-8千,1-3年,5,石家庄,运维工程师,计算机软件,100-499人
石家庄晨光办公用品有限公司,http://company.zhaopin.com/CZ672543080.htm,中山路乐汇城写字楼C座1401,长安区,2019-04-29 08:49:26,不限,3千-6千,不限,5,石家庄,商品统计,"快速消费品（食品/饮料/烟酒/日化）,零售/批发",100-499人
石家庄君乐宝乳业有限公司,http://special.zhaopin.com/2016/sjz/sjzj030139,桥西区君合商务中心,,2019-04-29 10:34:18,大专,2千-4千,不限,1,石家庄,直营会计（石家庄）,"快速消费品（食品/饮料/烟酒/日化）,快速消费品（食品/饮料/烟酒/日化）",1000-9999人
河北万康润在网络科技有限公司,http://company.zhaopin.com/CZ598138320.htm,裕华区体育南大街与东岗路交口怀特红木楼,,2019-04-22 09:20:50,大专,3千-5千,1-3年,1,石家庄,商品专员,"互联网/电子商务,礼品/玩具/工艺美术/收藏品/奢侈品",100-499人
河北浣之科技有限公司,http://company.zhaopin.com/CZ601790080.htm,东开发区黄河大道与祁连街交口慧谷大厦,东开发区,2019-04-25 10:14:56,中专,4千-6千,1-3年,5,石家庄,市场专员 双休,互联网/电子商务,100-499人
河北晨阳汽车贸易有限公司,http://company.zhaopin.com/CC256239317.htm,石家庄市鹿泉开发区龙泉东路168号,,2019-04-27 10:24:46,大专,2千-4千,1-3年,1,石家庄,办公室文员,"零售/批发,汽车/摩托车,广告/会展/公关,基金/证券/期货/投资",100-499人
中国勒泰商业地产集团,http://company.zhaopin.com/CZ579581520.htm,长安区中山东路39号勒泰B座写字楼8楼,,2019-04-23 07:54:07,本科,2万-4万,10年以上,1,石家庄,信息总监,"房地产/建筑/建材/工程,物业管理/商业中心",1000-9999人
石家庄东尚服饰贸易有限公司,http://special.zhaopin.com/pagepublish/61500202/index.html,石家庄中山东路11号乐汇城C座16层,长安区,2019-04-24 09:01:57,大专,8千-1万,5-10年,1,石家庄,零售经理,零售/批发,100-499人
石家庄云时网络技术有限公司,http://company.zhaopin.com/CZ714661830.htm,西里街道时光街与槐安路交口西行20米路北石家庄桥西区槐安路与时光街交叉口西北角翠堤春晓写字楼18楼02室,,2019-04-26 16:44:50,不限,8千-1万,1-3年,1,石家庄,竞价,互联网/电子商务,20-99人
石家庄粉佳人文化产业发展有限公司,http://company.zhaopin.com/CZ844361830.htm,石家庄中山东路172号，粉佳人蒙娜丽莎4楼,,2019-04-22 10:21:35,大专,2千-4千,不限,1,石家庄,统计,"媒体/出版/影视/文化传播,媒体/出版/影视/文化传播",100-499人
石家庄市鹿泉区有成教育培训学校,http://company.zhaopin.com/CZ457875530.htm,石家庄市鹿泉区政府对面西部峰景小区北门西行50米,,2019-04-27 09:04:50,大专,4千-8千,3-5年,1,石家庄,鹿泉区早教市场主管,教育/培训/院校,100-499人
石家庄市新华区金泽文化艺术培训学校,http://company.zhaopin.com/CZ501410620.htm,石家庄市中华大街与北二环交口,新华区,2019-04-24 08:36:01,大专,4千-6千,1-3年,1,石家庄,sem专员,"教育/培训/院校,专业服务/咨询(财会/法律/人力资源等),媒体/出版/影视/文化传播,学术/科研",500-999人
云南幻日网络科技有限公司,http://company.zhaopin.com/CZ840933260.htm,中山东路253号2号写字楼2302,长安区,2019-04-26 19:10:10,大专,4千-8千,3-5年,1,石家庄,社群运营,互联网/电子商务,20人以下
中融科创信息技术河北有限公司,http://company.zhaopin.com/CZ302181030.htm,石家庄谈固大街北二环东行100米路南天洲国际中心11层,,2019-04-28 11:16:15,硕士,4千-6千,1-3年,3,石家庄,技术支持经理,"外包服务,专业服务/咨询(财会/法律/人力资源等)",20-99人
河北顿洁供应链管理有限公司,http://company.zhaopin.com/CZ644431480.htm,东二环槐安路博文家园西侧,,2019-04-23 11:37:10,大专,3千-5千,1-3年,2,石家庄,社群运营专员,快速消费品（食品/饮料/烟酒/日化）,100-499人
北京逐鹿企业管理咨询有限公司,http://company.zhaopin.com/CC201774739.htm,石家庄建华北大街31号广天大厦,,2019-04-28 10:02:19,本科,1万-1.5万,5-10年,1,石家庄,学习发展经理（五险一金＋双休＋培训）,"教育/培训/院校,专业服务/咨询(财会/法律/人力资源等),房地产/建筑/建材/工程,快速消费品（食品/饮料/烟酒/日化）",20-99人
河北中商云搜广告传媒有限公司,http://company.zhaopin.com/CZ627467080.htm,石家庄市中山东路东方新世界中心2001,长安区,2019-04-23 09:07:41,大专,4千-6千,不限,5,石家庄,短视频运营顾问,互联网/电子商务,100-499人
河北瑞轩文化传播有限公司,http://company.zhaopin.com/CZ599548080.htm,河北省石家庄市谈固南大街与槐安路交口南行100米路西,,2019-04-20 10:58:46,大专,6千-8千,1-3年,1,石家庄,教研主任,"教育/培训/院校,媒体/出版/影视/文化传播",20-99人
石家庄冉迪商贸有限公司,http://company.zhaopin.com/CZ656118420.htm,石家庄新华区联盟路百盛朗廷2单元1404,新华区,2019-04-22 11:57:22,大专,2千-4千,不限,1,石家庄,视频策划创作,"互联网/电子商务,医疗/护理/美容/保健/卫生服务,专业服务/咨询(财会/法律/人力资源等),计算机软件",20人以下
河北拓普电气有限公司,http://company.zhaopin.com/CZ229592510.htm,河北省石家庄市高新区太行大街498号,东开发区,2019-04-27 19:07:57,大专,3.5千-6千,1-3年,1,石家庄,投标助理,"电气/电力/水利,加工制造（原料加工/模具）",20-99人
河北盘达商贸有限公司,http://company.zhaopin.com/CC439390388.htm,石家庄广安大街，财富大厦A座3205,,2019-04-26 22:17:01,大专,3千-5千,不限,3,石家庄,阿里巴巴国际站运营,"互联网/电子商务,贸易/进出口",20-99人
河北中商云搜广告传媒有限公司,http://company.zhaopin.com/CZ627467080.htm,石家庄市中山东路东方新世界中心2001,长安区,2019-04-23 09:07:42,大专,4千-6千,不限,1,石家庄,快手信息流优化师,互联网/电子商务,100-499人
河北顺诺商贸有限公司,http://company.zhaopin.com/CZ595012020.htm,石家庄市裕华区槐安路与富强大街交口怀特商业广场D座13层,裕华区,2019-04-24 09:09:44,大专,3千-4千,1年以下,1,石家庄,物流统计文员,"快速消费品（食品/饮料/烟酒/日化）,广告/会展/公关",100-499人
云南幻日网络科技有限公司,http://company.zhaopin.com/CZ840933260.htm,中山东路253号2号写字楼2302,长安区,2019-04-22 19:25:30,大专,6千-8千,3-5年,1,石家庄,app运营,互联网/电子商务,20人以下
河北蓝宇橡塑制品有限公司,http://company.zhaopin.com/CZ392618030.htm,新华区格澜商务1501,,2019-04-23 10:57:02,大专,8千-1万,1-3年,3,石家庄,谷歌竞价,"贸易/进出口,贸易/进出口",500-999人
北京趣享未来科技有限公司,http://company.zhaopin.com/CZ565022280.htm,河北省石家庄桥西区塔谈国际商贸城8号写字楼13层,,2019-04-22 15:35:59,大专,3千-5千,不限,2,石家庄,商务助理,"互联网/电子商务,互联网/电子商务,娱乐/体育/休闲",100-499人
石家庄兴涛电子科技有限公司,http://company.zhaopin.com/CZ514374980.htm,石家庄桥西区南小街金裕商务402,,2019-04-26 17:51:06,不限,4千-6千,不限,5,石家庄,销售助理,"快速消费品（食品/饮料/烟酒/日化）,互联网/电子商务,耐用消费品（服饰/纺织/皮革/家具/家电）",100-499人
龙游吴晗商贸有限公司,http://company.zhaopin.com/CZ863982350.htm,桥西区,桥西区,2019-04-26 12:58:39,中专,4千-6千,不限,1,石家庄,人事专员,贸易/进出口,20-99人
河北宏振网络科技有限公司,http://company.zhaopin.com/CZ810262740.htm,石家庄 泰丰观湖5号楼1单元1403,,2019-04-24 00:50:27,不限,3千-6千,不限,50,石家庄,店铺运营师,"IT服务(系统/数据/维护),IT服务(系统/数据/维护),计算机软件,广告/会展/公关",20-99人
超职时代(北京)教育科技有限公司河北分公司,http://company.zhaopin.com/CZ834112980.htm,长安区广安大街财富大厦,,2019-04-22 14:01:09,大专,6千-8千,1-3年,1,石家庄,网络推广主管,教育/培训/院校,500-999人
河北大麦汽车维修服务有限公司,http://company.zhaopin.com/CZ808314720.htm,新石北路与石铜路交口,桥西区,2019-04-28 09:13:31,大专,3千-6千,1-3年,2,石家庄,seo网络推广,"汽车/摩托车,交通/运输",500-999人
石家庄笑果商贸有限公司,http://company.zhaopin.com/CZ834114890.htm,建设大街东风路金正君庭B座1022室,,2019-04-24 13:55:58,大专,4千-6千,1-3年,1,石家庄,唯品会 苏宁易购 小红书电商运营,互联网/电子商务,20-99人
新华人寿保险股份有限公司石家庄中心支公司汇臻部,http://company.zhaopin.com/CZ859226350.htm,广安大街汇景国际,,2019-04-24 07:17:49,本科,1.5万-2万,3-5年,1,石家庄,团队运营z,"保险,保险",10000人以上
石家庄市鹿泉区昆宏商贸有限公司,http://special.zhaopin.com/pagepublish/65560992/index.html,河北省石家庄市鹿泉区镇宁路电力局对面兴华鞋城,,2019-04-27 15:27:15,大专,4千-6千,1-3年,2,石家庄,卖场业务经理,零售/批发,100-499人
河北滴答答防水科技有限公司,http://company.zhaopin.com/CZ672172980.htm,勒泰中心A座1207,,2019-04-28 07:44:44,大专,4千-6千,3-5年,2,石家庄,SEO/SEM,房地产/建筑/建材/工程,100-499人
石家庄旅动体育文化传播有限公司,http://company.zhaopin.com/CZ708591080.htm,休门街民生路交叉口南行50米路东滨江优谷少儿体能馆2层,,2019-04-20 15:19:53,大专,4千-6千,1-3年,5,石家庄,市场推广专员,"教育/培训/院校,教育/培训/院校",20-99人
童泰婴幼儿服饰有限公司,http://company.zhaopin.com/CC446675623.htm,桥西区华润万象城A座15A03,,2019-04-26 17:30:19,大专,5千-1万,3-5年,1,石家庄,KA经理(母婴行业，适应出差),"耐用消费品（服饰/纺织/皮革/家具/家电）,零售/批发",1000-9999人
石家庄鼎伊龙格企业管理有限公司,http://company.zhaopin.com/CZ538774130.htm,长安区保利广场购物中心二层,,2019-04-20 10:06:29,大专,8千-1.3万,3-5年,1,石家庄,执行校长/运营总监,教育/培训/院校,500-999人
石家庄喜悦商贸有限公司,http://company.zhaopin.com/CZ378234410.htm,石家庄市桥西区槐安路和城角街交口西城国际B座21楼,,2019-04-27 09:01:52,大专,3千-5千,3-5年,2,石家庄,招聘主管,"耐用消费品（服饰/纺织/皮革/家具/家电）,互联网/电子商务,零售/批发",20-99人
河北恩微科技有限公司,http://company.zhaopin.com/CZ409196480.htm,新华区和平西路29号第一干休所综合楼3楼,,2019-04-26 15:50:57,大专,4千-8千,不限,3,石家庄,SEO网站优化（可招新手）,互联网/电子商务,100-499人
石家庄多美斯日化用品有限公司,http://company.zhaopin.com/P2/CC2229/8551/CC222985518.htm,石家庄经济技术开发区丰产路8号,藁城区,2019-04-23 11:18:55,大专,5千-8千,3-5年,1,石家庄,产品经理,"快速消费品（食品/饮料/烟酒/日化）,加工制造（原料加工/模具）,其他",100-499人
石家庄首航财务咨询有限公司,http://company.zhaopin.com/CC319297737.htm,长安区广安街和平路时代方舟A-2-2001,长安区,2019-04-24 10:07:08,大专,3千-4千,1-3年,1,石家庄,人事主管,专业服务/咨询(财会/法律/人力资源等),20-99人
石家庄迪云网络科技有限公司,http://company.zhaopin.com/CZ468842030.htm,体育南大街东王丁科苑10号楼2单元,,2019-04-25 10:49:02,大专,3.5千-5千,3-5年,1,石家庄,电商运营,互联网/电子商务,20人以下
河北维安职业健康评价有限公司,http://company.zhaopin.com/CC565802021.htm,石家庄市新华区友谊北大街456号佳通通信北三楼,,2019-04-26 09:09:59,大专,4千-6千,不限,2,石家庄,职业卫生现场采样人员,"检验/检测/认证,中介服务,专业服务/咨询(财会/法律/人力资源等)",20-99人
河北旭尊实业集团有限公司石家庄第三分公司,http://company.zhaopin.com/CZ817344580.htm,长安区东大街5号开元金融中心（希尔顿）7楼,,2019-04-29 10:50:30,大专,4千-8千,不限,5,石家庄,高薪聘业务经理,汽车/摩托车,100-499人
河北佳岷科技有限公司,http://company.zhaopin.com/CZ698844080.htm,石家庄市新华区颐高数码1707,,2019-04-29 13:15:08,中专,4千-6千,不限,5,石家庄,5K销售+五险一金,"互联网/电子商务,教育/培训/院校",20-99人
石家庄小布布艺股份有限公司,http://company.zhaopin.com/CC528383237.htm,石家庄新华区北二环西三庄街口格澜商务大厦12c05室,新华区,2019-04-23 14:14:00,不限,4千-8千,不限,1,石家庄,天猫运营,互联网/电子商务,100-499人
石家庄尚舍服饰有限公司,http://company.zhaopin.com/CZ446327010.htm,河北石家庄新华路金指数广场A栋18楼,新华区,2019-04-26 10:50:54,大专,4千-6千,1-3年,1,石家庄,商品专员—服装行业,"耐用消费品（服饰/纺织/皮革/家具/家电）,零售/批发",100-499人
衢州斑马网络科技有限公司,http://company.zhaopin.com/CZ457656780.htm,北仑区,,2019-04-25 09:15:38,大专,4千-7千,无经验,1,石家庄,人事（双休）,,全部
河北秦川文体乐器有限公司,http://special.zhaopin.com/2017/sjz/11217/hbqc042182,石家庄市建设北大街38号（北国商城北行200米路西）,长安区,2019-04-26 19:00:36,大专,4千-6千,1-3年,1,石家庄,投标专员,"教育/培训/院校,教育/培训/院校,媒体/出版/影视/文化传播",100-499人
河北君之合网络科技有限公司,http://company.zhaopin.com/CZ813955250.htm,长安区建华大街中恒大厦（北塔）13层1301室,,2019-04-29 10:32:52,大专,4千-8千,1-3年,5,石家庄,sem竞价推广优化师,互联网/电子商务,100-499人
北京爱斯即膜原生植物科技开发有限公司河北分公司,http://company.zhaopin.com/CZ382535080.htm,石家庄市长安区裕华东路133号方北大厦A座1602,,2019-04-24 10:18:25,大专,4千-6千,1-3年,1,石家庄,新媒体运营,医疗/护理/美容/保健/卫生服务,100-499人
河北冀中合力汽车销售维修有限公司,http://special.zhaopin.com/pagepublish/23568951/index.html,石家庄市北二环西路385号 ,,2019-04-28 18:02:58,大专,4千-6千,1-3年,1,石家庄,保险续保专员,汽车/摩托车,100-499人
江西飞尚科技有限公司,http://company.zhaopin.com/CZ225831320.htm,南昌小兰经济开发区玉湖路398号,,2019-04-29 14:44:50,大专,4千-6千,1-3年,20,石家庄,区域销售（无责底薪5k，年收入不低于10万）,"电子技术/半导体/集成电路,仪器仪表及工业自动化,IT服务(系统/数据/维护),房地产/建筑/建材/工程",100-499人
石家庄晨光办公用品有限公司,http://company.zhaopin.com/CZ672543080.htm,石家庄市长安区乐汇城写字楼C座1401,,2019-04-29 08:49:42,不限,4千-7千,不限,3,石家庄,订单部经理,"快速消费品（食品/饮料/烟酒/日化）,零售/批发",100-499人
河北易之行网络科技有限公司,http://company.zhaopin.com/CZ510172580.htm,裕华区槐安东路152号金源商务广场B座802室,,2019-04-22 08:45:19,本科,8千-1.5万,3-5年,1,石家庄,网站运营经理,"银行,汽车/摩托车",1000-9999人
石家庄东尚服饰贸易有限公司,http://special.zhaopin.com/pagepublish/61500202/index.html,石家庄中山东路11号乐汇城C座16层,,2019-04-27 20:14:08,大专,6千-8千,5-10年,1,石家庄,商品经理,零售/批发,100-499人
石家庄聚莱福生物科技有限公司,http://company.zhaopin.com/CZ714597180.htm,恒大公寓,,2019-04-27 16:51:06,不限,5千-1万,不限,10,石家庄,市场专员（无责任底薪）,医疗/护理/美容/保健/卫生服务,100-499人
石家庄市超速贸易有限公司,http://company.zhaopin.com/CZ699105420.htm,石家庄市中山东路19号乐汇城C座2002,,2019-04-21 14:03:12,大专,4千-6千,3-5年,1,石家庄,商品专员 货品专员,"耐用消费品（服饰/纺织/皮革/家具/家电）,零售/批发",100-499人
石家庄君海润进出口有限公司,http://special.zhaopin.com/pagepublish/36529831/index.html,怀特文化广场3号馆,裕华区,2019-04-22 11:26:15,大专,4千-6千,不限,10,石家庄,跨境电商网站运营,"贸易/进出口,房地产/建筑/建材/工程,大型设备/机电设备/重工业,环保",20-99人
河北速恒贸易有限公司,http://company.zhaopin.com/CZ332612580.htm,河北省石家庄市裕华区,裕华区,2019-04-29 08:42:33,不限,1万-1.5万,不限,1,石家庄,天猫京东运营主管,"互联网/电子商务,耐用消费品（服饰/纺织/皮革/家具/家电）,零售/批发,酒店/餐饮",20-99人
河北北科生物科技有限公司,http://company.zhaopin.com/CZ595101520.htm,石家庄市建设大街富邦大厦401A室,长安区,2019-04-28 17:02:34,本科,3.5千-6千,1-3年,1,石家庄,QA专员,"医药/生物工程,医疗/护理/美容/保健/卫生服务,医疗设备/器械,学术/科研",100-499人
河北正步教育科技有限公司,http://company.zhaopin.com/CZ713005380.htm,裕华东路70号河北科技大学招待中心101,,2019-04-20 19:26:24,中专,3千-6千,不限,50,石家庄,网络教育专员,教育/培训/院校,20-99人
石家庄萨奇进出口贸易有限公司,http://company.zhaopin.com/CZ630164420.htm,荣鼎天下A-0803,新华区,2019-04-26 13:33:46,大专,3千-6千,1-3年,2,石家庄,电商网络运营 五险+双休,贸易/进出口,20-99人
石家庄新东方学校,http://company.zhaopin.com/CZ120002360D00100003873.htm,石家庄市槐安路建华大街交叉口万达广场写字楼C座24层,,2019-04-23 16:34:42,本科,4千-8千,3-5年,1,石家庄,人力资源部招聘经理,教育/培训/院校,100-499人
河北大唯兄弟房地产经纪咨询有限公司,http://company.zhaopin.com/CZ220079610.htm,河北省石家庄市新华区联盟商务楼B座516,,2019-04-22 17:16:49,大专,5千-1万,3-5年,2,石家庄,策划高级经理,"房地产/建筑/建材/工程,中介服务",100-499人
华北制药河北华民药业有限责任公司,http://company.zhaopin.com/CZ348487210.htm,经济技术开发区海南路98号,,2019-04-22 14:49:19,大专,3千-4千,不限,2,石家庄,溶出试验员,医药/生物工程,1000-9999人
石家庄市恒茂昌贸易有限责任公司,http://company.zhaopin.com/CC572092626.htm,石家庄长安区大经街南三条金正玩具城对面鸿运综合楼4楼,,2019-04-22 11:05:06,中专,8千-1万,1-3年,1,石家庄,京东运营,贸易/进出口,20-99人
河北方大包装股份有限公司,http://company.zhaopin.com/CZ176784520.htm,总公司：元氏大街405号,元氏县,2019-04-23 17:36:17,大专,4千-6千,3-5年,1,石家庄,成本会计,"加工制造（原料加工/模具）,印刷/包装/造纸,贸易/进出口,跨领域经营",100-499人
河北工大科雅能源科技股份有限公司,http://special.zhaopin.com/sjz/2015/11014/hbgdkynykj040321,河北省石家庄市新石北路368号创新大厦,,2019-04-28 17:31:17,本科,5千-7千,1-3年,5,石家庄,热能/暖通工程师,"仪器仪表及工业自动化,能源/矿产/采掘/冶炼",100-499人
石家庄笑果商贸有限公司,http://company.zhaopin.com/CZ834114890.htm,建设大街东风路金正君庭B座1022室,,2019-04-23 15:57:54,大专,4千-6千,1-3年,1,石家庄,淘宝天猫推广专员,互联网/电子商务,20-99人
航天凯天环保科技股份有限公司,http://company.zhaopin.com/CZ136994300.htm,高新技术产业开发区,,2019-04-22 15:10:07,本科,6千-8千,5-10年,1,石家庄,水处理工程师,"环保,大型设备/机电设备/重工业",1000-9999人
河北唯佳金属网有限公司,http://company.zhaopin.com/CZ264557710.htm,石家庄市裕华区建华南大街212号蓝山国际A座1306室,,2019-04-19 20:25:20,大专,3.5千-6千,1-3年,2,石家庄,搜索引擎竞价专员,"贸易/进出口,大型设备/机电设备/重工业,加工制造（原料加工/模具）",20-99人
河北省对外服务总公司,http://special.zhaopin.com/sh/2015/11022/hbdw101672,河北省石家庄市中山路83号东方大厦1801室,桥西区,2019-04-23 17:09:52,本科,3千-5千,不限,2,石家庄,人事服务专员,"中介服务,外包服务,专业服务/咨询(财会/法律/人力资源等)",20-99人
河北神玥软件科技股份有限公司,http://special.zhaopin.com/pagepublish/57070172/index.html,石家庄市鹿泉开发区光谷科技园（石家庄幼儿师范学校对面）,,2019-04-29 10:43:58,本科,4千-8千,1-3年,1,石家庄,运维工程师,计算机软件,100-499人
石家庄君海润进出口有限公司,http://special.zhaopin.com/pagepublish/36529831/index.html,槐岭路怀特文化广场3号馆,裕华区,2019-04-22 11:26:15,大专,4千-6千,不限,10,石家庄,跨境电商网站运营,"贸易/进出口,房地产/建筑/建材/工程,大型设备/机电设备/重工业,环保",20-99人
石家庄万达广场商业管理有限公司,http://company.zhaopin.com/CZ336374810.htm,石家庄市建华南大街136号万达广场,,2019-04-24 09:39:37,大专,4千-6千,1-3年,1,石家庄,信息主管,"物业管理/商业中心,房地产/建筑/建材/工程",100-499人
石家庄开发区华彤计算机有限公司,http://special.zhaopin.com/pagepublish/17826402/index.html,石家庄长安区睿和中心1108,,2019-04-28 11:56:08,不限,3.5千-6千,不限,2,石家庄,网店运营店长（淘宝或者京东或者天猫）,"IT服务(系统/数据/维护),互联网/电子商务,网络游戏,通信/电信运营、增值服务",100-499人
衢州斑马网络科技有限公司,http://company.zhaopin.com/CZ457656780.htm,新华区,,2019-04-25 09:14:13,大专,4千-6千,不限,1,石家庄,财务会计【待遇优厚】,,全部
河北博厚新能源科技有限公司,http://company.zhaopin.com/CZ344822630.htm,开发区长江大道壹号,,2019-04-26 10:22:39,大专,2千-4千,不限,1,石家庄,会计（内账会计）,大型设备/机电设备/重工业,20-99人
河北七度信息技术服务有限公司,http://company.zhaopin.com/CZ337031230.htm,石家庄高新区湘江道39号,,2019-04-27 11:10:27,本科,4千-6千,不限,3,石家庄,【今日头条】新媒体运营,"广告/会展/公关,交通/运输",20-99人
石家庄市星河广告有限公司,http://company.zhaopin.com/CZ177152020.htm,河北省石家庄市桥西区恒大华府3号公寓1单元6楼,桥西区,2019-04-25 10:08:52,大专,3千-5千,1-3年,2,石家庄,新媒体运营,"广告/会展/公关,媒体/出版/影视/文化传播,汽车/摩托车,房地产/建筑/建材/工程",100-499人
河北蓝宇橡塑制品有限公司,http://company.zhaopin.com/CZ392618030.htm,新华区格澜商务1411,,2019-04-22 14:28:20,大专,4千-6千,不限,1,石家庄,运营助理,"贸易/进出口,贸易/进出口",500-999人
九天鲲鹏集团有限公司,http://company.zhaopin.com/CC656101784.htm,河北省石家庄市桥西区友谊大街和槐安路交叉口石邑大厦五楼,桥西区,2019-04-28 16:22:01,大专,6千-8千,1-3年,1,石家庄,高薪诚聘竞价推广专员SEM/SEO,"房地产/建筑/建材/工程,教育/培训/院校",100-499人
河北佳岷科技有限公司,http://company.zhaopin.com/CZ698844080.htm,石家庄市新华区颐高数码1707,,2019-04-29 13:16:26,中专,4千-6千,不限,6,石家庄,淘宝美工（可实习）,"互联网/电子商务,教育/培训/院校",20-99人
石家庄冉迪商贸有限公司,http://company.zhaopin.com/CZ656118420.htm,石家庄新华区百盛朗庭,新华区,2019-04-22 11:57:22,大专,4.5千-9千,1-3年,2,石家庄,SEM 搜狗 百度竞价 信息流推广 ,"互联网/电子商务,医疗/护理/美容/保健/卫生服务,专业服务/咨询(财会/法律/人力资源等),计算机软件",20人以下
河北玖昌网络科技有限公司,http://company.zhaopin.com/CZ246313080.htm,河北省石家庄市桥西区中华南大街一江大厦A座25楼北侧,桥西区,2019-04-22 13:45:05,大专,3千-6千,不限,3,石家庄,搜索引擎竞价专员,互联网/电子商务,20-99人
美联盛航保险代理有限公司,http://special.zhaopin.com/pagepublish/37465731/index.html,河北省石家庄市平安南大街7号商会大厦,,2019-04-24 16:03:23,本科,4千-6千,3-5年,2,石家庄,综合内勤,"保险,中介服务",500-999人
河北七度信息技术服务有限公司,http://company.zhaopin.com/CZ337031230.htm,高新区湘江道39号动漫孵化园C座4楼,,2019-04-27 11:10:27,本科,4千-6千,不限,2,石家庄,【今日头条】广告运营,"广告/会展/公关,交通/运输",20-99人
河北正合文化传播有限公司,http://company.zhaopin.com/CZ379799630.htm,珠峰大街与长江大道交口筑业花园B座4单元9层,东开发区,2019-04-25 09:44:42,本科,4千-6千,1-3年,2,石家庄,新媒体运营,"媒体/出版/影视/文化传播,广告/会展/公关",20-99人
河北凯祥文化传播有限公司,http://company.zhaopin.com/CZ392420630.htm,河北省石家庄市桥西区槐安西路与西二环交口乐橙商务广场,,2019-04-28 08:15:28,大专,2千-4千,不限,1,石家庄,网站微信运营,"媒体/出版/影视/文化传播,学术/科研,教育/培训/院校",20-99人
郑州尚兴科贸有限公司,http://company.zhaopin.com/CZ624768920.htm,Z80河北省石家庄市长安区中山东路东胜广场永辉超市负一层手机的家,,2019-04-26 17:59:22,中专,6千-1万,1-3年,2,石家庄,店长+底薪5k+提成,"零售/批发,快速消费品（食品/饮料/烟酒/日化）,互联网/电子商务,计算机硬件",500-999人
河北中废通网络技术有限公司,http://special.zhaopin.com/pagepublish/64831122/index.html,石家庄市中山路11号乐汇城C座8层,,2019-04-30 09:22:03,大专,6千-8千,3-5年,1,石家庄,数据分析师,"互联网/电子商务,其他,IT服务(系统/数据/维护)",100-499人
美林数据技术股份有限公司,http://company.zhaopin.com/CZ200911980.htm,石家庄,,2019-04-30 08:42:14,本科,8千-1.6万,1-3年,1,石家庄,数据分析师（电网/能源）,"计算机软件,IT服务(系统/数据/维护)",100-499人
石家庄波司登贸易有限公司,http://company.zhaopin.com/CZ179791320.htm,石家庄市裕华区槐安东路105号怀特商业广场写字楼A座17楼,,2019-04-30 08:29:01,大专,4千-6千,1-3年,1,石家庄,商品数据分析员,"耐用消费品（服饰/纺织/皮革/家具/家电）,零售/批发",20-99人
云腾九州科技(北京)有限公司,http://company.zhaopin.com/%E4%BA%91%E8%85%BE%E4%B9%9D%E5%B7%9E%E7%A7%91%E6%8A%80%28%E5%8C%97%E4%BA%AC%29%E6%9C%89%E9%99%90%E5%85%AC%E5%8F%B8_CC377132725.htm,青园街,长安区,2019-04-30 09:50:36,本科,6千-1万,不限,1,石家庄,数据分析师,"计算机软件,通信/电信运营、增值服务,互联网/电子商务,通信/电信/网络设备",20-99人
